row,Pre-disruption†,Donut,Full,RMSPEpre,Post/pre
M1 Centro + Belisario co-treated,-0.120,-0.068,-0.008,0.259,0.93
M1|p,n.a.,n.a.,n.a.,,
"M3 Belisario treated, Centro dropped",-0.043,0.029,0.114,0.258,0.86
M3|p,n.a.,n.a.,n.a.,,
"M2 Centro treated, Belisario dropped",-0.198,-0.165,-0.131,0.277,1.12
M2|p,n.a.,n.a.,n.a.,,
"M2b Centro treated, Belisario retained",-0.161,-0.150,-0.220,0.229,1.23
M2b|p,n.a.,n.a.,n.a.,,
M4 Centro + Belisario co-treated,-0.063,-0.019,0.066,0.200,0.98
M4|p,(0.920),(0.970),(0.950),,
"M6 Belisario treated, Centro dropped",-0.005,0.054,0.163,0.199,0.95
M6|p,(0.876),(0.901),(0.806),,
"M5 Centro treated, Belisario dropped",-0.122,-0.091,-0.028,0.223,1.24
M5|p,(0.850),(0.962),(0.923),,
"M5b Centro treated, Belisario retained",-0.100,-0.123,-0.149,0.132,1.83
M5b|p,(0.019),(0.191),(0.057),,
M7 Centro + Belisario co-treated,-0.126,-0.063,0.028,0.188,1.23
M7|p,(0.655),(0.877),(0.922),,
M7|b,[0.521],[0.733],[0.776],,
"M9 Belisario treated, Centro dropped",-0.063,0.013,0.130,0.190,1.16
M9|p,(0.737),(0.863),(0.863),,
M9|b,[0.691],[0.775],[0.784],,
"M8 Centro treated, Belisario dropped",-0.188,-0.139,-0.074,0.207,1.50
M8|p,(0.431),(0.775),(0.767),,
M8|b,[0.394],[0.692],[0.493],,
"M8b Centro treated, Belisario retained‡",-0.131,-0.147,-0.170,0.129,1.98
M8b|p,(0.016),(0.199),(0.097),,
M8b|b,[0.011],[0.242],[0.291],,
