pollutant,model,method,att_overall_log,att_overall_pct,att_clean_log,att_clean_pct,att_p1_log,att_p1_pct,att_p2_log,att_p2_pct,att_blackout_log,att_blackout_pct,p_1s,p_2s,l2_imbalance,scaled_l2,se,ci_lo,ci_hi,RMSPE_pre,RMSPE_post,Ratio,MAE_pre
co,M4: AugSynth Centro+Belisario,AugSynth,0.37137679145653274,44.9729216072136,0.43101345728473495,53.881625810606714,0.4002520328221699,49.2200733814738,0.47217203507689964,60.34732136372985,0.08597274785013635,8.977662914443219,NA,0.997,2.3918674040722556,0.8542420209060271,NA,NA,NA,0.3285482555138519,0.42733231164922547,1.3006683325129045,0.27191806759459386
co,M5: AugSynth Centro (Bel. dropped),AugSynth,0.2692871492494104,30.903097434549753,0.3275620906192296,38.75812043995073,0.3028596657076014,35.372447714513086,0.3516000732917053,42.13399782190335,-0.009600070163295922,-0.9554136595732676,NA,1,2.535974456428582,0.9178696804330398,NA,NA,NA,0.3483428814945001,0.33024606965744385,0.9480488541651396,0.2975926433844739
co,M5b: AugSynth Centro (Bel. in pool),AugSynth,-0.02692884692585736,-2.6569498367071898,-0.003976906118418634,-0.39690086998472873,-0.016996966157870427,-1.685333265783595,0.006123826089635146,0.6142615046477395,-0.13677027793288554,-12.782944005541353,0.072,1,1.8719556548689902,0.7641755187352599,NA,NA,NA,0.25713288443974197,0.125428232014043,0.4877953758708625,0.21495842773071716
co,M6: AugSynth Belisario (Centro dropped),AugSynth,0.46716920474902274,59.54713419068995,0.5240945547098883,68.89289231130353,0.49423460727094604,63.92430940335561,0.5708960492027259,76.98522158019516,0.19474074422202303,21.499595093360302,NA,0.944,2.680559915866159,0.7757754964382575,NA,NA,NA,0.368203221741626,0.531928014876064,1.4446587739238368,0.29648342621563645
co,M7: AugSynth_FE Centro+Belisario,AugSynth_FE,-0.09126634044350561,-8.722543026218387,-0.05897944803533092,-5.727385616759406,-0.014811284597750914,-1.4702137058247744,-0.14028764917591427,-13.089179881838863,-0.2457821826826273,-21.79074403228395,0.109,0.869,1.163235468396834,0.7928100116243701,NA,NA,NA,0.15978267994410655,0.20370919650925787,1.2749141307463188,0.13273171843892537
co,M8: AugSynth_FE Centro (Bel. dropped),AugSynth_FE,-0.12739381090941754,-11.961310164518169,-0.09749653431110573,-9.289451470423959,-0.06584933619660495,-6.372808404646834,-0.16418525919013613,-15.1415200815477,-0.2704736346299097,-23.698198301657392,0.061,1,1.7670654538690982,0.7802352709931707,NA,NA,NA,0.24272510727770544,0.22678189764488021,0.9343157788181164,0.19397451783007896
co,M8b: AugSynth_FE Centro (Bel. in pool),AugSynth_FE,-0.11938261480906379,-11.253182267360263,-0.09583986908682929,-9.139049911082031,-0.07793047685091685,-7.497126478129257,-0.138189205094439,-12.906610897337966,-0.2320514693369003,-20.70946880542047,0.061,1,1.7457607065437957,0.7890207012220656,NA,NA,NA,0.23979867517031755,0.19761556074023212,0.8240894600434102,0.18980816313427407
co,M9: AugSynth_FE Belisario (Centro dropped),AugSynth_FE,-0.07624926813523876,-7.34147903968495,-0.04602425567606376,-4.498120271680617,0.017143365909665424,1.7291156743230118,-0.15184552348204722,-14.087901549076133,-0.22089754204700482,-19.8201173251653,0.358,0.404,1.2153368542670169,0.9104225332172277,NA,NA,NA,0.16693935568974314,0.22705845071816738,1.3601253567801928,0.13597208720027293
co,M1: SDID Centro+Belisario,SDID,-0.13482044679860325,-12.61271957380502,NA,NA,NA,NA,NA,NA,NA,NA,9.721734495772242e-4,0.0019443468991544588,NA,NA,0.04351005974213309,-0.2201001638931841,-0.0495407297040224,0.33988931508657166,0.37201941429058677,1.0945310657848464,0.29511913449647764
co,M2: SDID Centro (Bel. dropped),SDID,-0.12180026035773722,-11.467481462081675,NA,NA,NA,NA,NA,NA,NA,NA,3.7687764065166723e-6,7.537552813019488e-6,NA,NA,0.027200215906743267,-0.17511268353495402,-0.06848783718052043,0.38156770603670503,0.29878946312683524,0.7830575239983572,0.3344335042437705
co,M2b: SDID Centro (Bel. in pool),SDID,-0.031685626325032044,-3.118889708320416,NA,NA,NA,NA,NA,NA,NA,NA,0.3739719187700848,0.7479438375401695,NA,NA,0.09860106739300833,-0.2249437184153284,0.1615724657652643,0.34671996248889014,0.22448004216452058,0.6474390472158451,0.3040399683017185
co,M3: SDID Belisario (Centro dropped),SDID,-0.14784131723485772,-13.743202124521392,NA,NA,NA,NA,NA,NA,NA,NA,9.291711895983718e-9,1.8583423688767198e-8,NA,NA,0.02628431828642451,-0.19935858107624976,-0.09632405339346567,0.39375208947142654,0.4507388311705196,1.1447274648766745,0.35644361916479533
