"station","lon","lat","layer_hub","layer_hubdist_km","decimals","nearest_station","station_km","line_km","check_vs_layer_km","check_ratio"
"Carapungo",-78.4472,-0.0983,"Labrador",7.63727350140391,4,"Labrador",7.64173256505025,7.64552485604946,0.0044590636463413,0.000583855435519184
"Cotocollao",-78.4972,-0.1078,"Labrador",5.21157945108734,4,"Labrador",5.21452134143131,5.23072091355722,0.00294189034396641,0.000564491124346693
"Belisario",-78.49,-0.18,"Iñaquito",0.767564163678037,2,"Iñaquito",0.76800077908241,0.639866039997874,0.000436615404372787,0.000568832450802028
"Centro",-78.51,-0.22,"San Francisco",0.609699298496703,2,"San Francisco",0.610034049981009,0.343279127817023,0.000334751484305507,0.000549043577925843
"El Camal",-78.51,-0.25,"Recreo",1.20616149033465,2,"Recreo",1.20682121641053,0.990378729939458,0.000659726075879163,0.000546963305631754
"Guamaní",-78.5514,-0.3308,"Quitumbe",4.03501166055827,4,"Quitumbe",4.03710092739156,3.86000128503946,0.00208926683328503,0.000517784583798691
"Los Chillos",-78.46,-0.3,"Recreo",8.6183866941983,2,"Recreo",8.62326618969005,8.50729712323114,0.00487949549175504,0.000566172726392029
"Tumbaco",-78.4034,-0.2148,"La Carolina",9.55780080703917,4,"La Carolina",9.56355263495333,9.37936965161487,0.00575182791415507,0.000601794076930222
"San Antonio de Pichincha",-78.4481,-0.0088,"Labrador",16.6497985704208,4,"Labrador",16.659513836708,16.669614295929,0.00971526628723751,0.000583506535898709
