fold,fold_rmse,n_months,months,rule,pool,target
1,1.48658007226966,3,202201-202203,amended,primary_unscreened,CENTER
2,0.172246210463398,3,202204-202206,amended,primary_unscreened,CENTER
3,1.09756890181741,3,202207-202209,amended,primary_unscreened,CENTER
4,1.10507171205041,3,202210-202212,amended,primary_unscreened,CENTER
5,0.957374690685695,3,202301-202303,amended,primary_unscreened,CENTER
6,0.147186335424162,2,202304-202305,amended,primary_unscreened,CENTER
1,2.64653953267701,3,202201-202203,amended,primary_unscreened,BELISARIO
2,2.10017834529326,3,202204-202206,amended,primary_unscreened,BELISARIO
3,2.48347003890501,3,202207-202209,amended,primary_unscreened,BELISARIO
4,1.09541431469347,3,202210-202212,amended,primary_unscreened,BELISARIO
5,2.43683647498748,3,202301-202303,amended,primary_unscreened,BELISARIO
6,1.59423125574405,2,202304-202305,amended,primary_unscreened,BELISARIO
1,1.20584370724672,3,202201-202203,amended,primary_screened,CENTER
2,1.72345752023837,3,202204-202206,amended,primary_screened,CENTER
3,1.64848919615732,3,202207-202209,amended,primary_screened,CENTER
4,0.608474902009889,3,202210-202212,amended,primary_screened,CENTER
5,1.01017128163407,3,202301-202303,amended,primary_screened,CENTER
6,0.302654410192878,2,202304-202305,amended,primary_screened,CENTER
1,3.07440223022366,3,202201-202203,amended,primary_screened,BELISARIO
2,1.67963108002333,3,202204-202206,amended,primary_screened,BELISARIO
3,2.54721335300481,3,202207-202209,amended,primary_screened,BELISARIO
4,1.32373465006581,3,202210-202212,amended,primary_screened,BELISARIO
5,2.20393102607687,3,202301-202303,amended,primary_screened,BELISARIO
6,1.08118034480004,2,202304-202305,amended,primary_screened,BELISARIO
1,0.542532124700222,2,202202-202203,plan,primary_unscreened,CENTER
2,0.755510531095644,3,202204-202206,plan,primary_unscreened,CENTER
3,1.0933003004619,3,202207-202209,plan,primary_unscreened,CENTER
4,1.07166876623858,3,202210-202212,plan,primary_unscreened,CENTER
5,0.389256763056475,3,202301-202303,plan,primary_unscreened,CENTER
6,0.361277415986777,1,202305-202305,plan,primary_unscreened,CENTER
1,2.53154715231075,3,202201-202203,plan,primary_unscreened,BELISARIO
2,0.875917673475365,3,202204-202206,plan,primary_unscreened,BELISARIO
3,2.79938071944101,3,202207-202209,plan,primary_unscreened,BELISARIO
4,1.35191211285668,3,202210-202212,plan,primary_unscreened,BELISARIO
5,2.30422490348797,3,202301-202303,plan,primary_unscreened,BELISARIO
6,0.395200977742348,2,202304-202305,plan,primary_unscreened,BELISARIO
1,0.468050084061551,2,202202-202203,plan,primary_screened,CENTER
2,1.82567355647583,3,202204-202206,plan,primary_screened,CENTER
3,1.49754447667621,3,202207-202209,plan,primary_screened,CENTER
4,0.275872494486813,3,202210-202212,plan,primary_screened,CENTER
5,0.828724990684801,3,202301-202303,plan,primary_screened,CENTER
6,0.383891625550341,1,202305-202305,plan,primary_screened,CENTER
1,2.02958298301314,3,202201-202203,plan,primary_screened,BELISARIO
2,1.67830577347684,3,202204-202206,plan,primary_screened,BELISARIO
3,3.0674575778065,3,202207-202209,plan,primary_screened,BELISARIO
4,1.94449135793942,3,202210-202212,plan,primary_screened,BELISARIO
5,2.59273265752259,3,202301-202303,plan,primary_screened,BELISARIO
6,0.863891293895102,2,202304-202305,plan,primary_screened,BELISARIO
