source,test,station,rho
monthly sheet,"primary: share, levels",Cardenal de la Torre,-0.8558823529411764
monthly sheet,"primary: share, levels",El Ejido,-0.12941176470588234
monthly sheet,"primary: share, levels",El Recreo,0.6735294117647058
monthly sheet,"primary: share, levels",Iñaquito,0.3
monthly sheet,"primary: share, levels",Jipijapa,-0.7147058823529412
monthly sheet,"primary: share, levels",La Alameda,0.3323529411764706
monthly sheet,"primary: share, levels",La Carolina,0.21764705882352942
monthly sheet,"primary: share, levels",La Magdalena,0.55
monthly sheet,"primary: share, levels",La Pradera,-0.2352941176470588
monthly sheet,"primary: share, levels",Labrador,-0.008823529411764706
monthly sheet,"primary: share, levels",Moran Valverde,0.09117647058823529
monthly sheet,"primary: share, levels",Quitumbe,-0.3382352941176471
monthly sheet,"primary: share, levels",San Francisco,0.25588235294117645
monthly sheet,"primary: share, levels",Solanda,-0.6470588235294118
monthly sheet,"primary: share, levels",Universidad,0.36176470588235293
monthly sheet,"secondary: log entries, levels",Cardenal de la Torre,-0.45
monthly sheet,"secondary: log entries, levels",El Ejido,-0.3970588235294118
monthly sheet,"secondary: log entries, levels",El Recreo,-0.14411764705882352
monthly sheet,"secondary: log entries, levels",Iñaquito,-0.15
monthly sheet,"secondary: log entries, levels",Jipijapa,-0.4382352941176471
monthly sheet,"secondary: log entries, levels",La Alameda,-0.1176470588235294
monthly sheet,"secondary: log entries, levels",La Carolina,-0.3235294117647059
monthly sheet,"secondary: log entries, levels",La Magdalena,-0.13529411764705881
monthly sheet,"secondary: log entries, levels",La Pradera,-0.5029411764705883
monthly sheet,"secondary: log entries, levels",Labrador,-0.2911764705882353
monthly sheet,"secondary: log entries, levels",Moran Valverde,-0.2735294117647059
monthly sheet,"secondary: log entries, levels",Quitumbe,-0.4382352941176471
monthly sheet,"secondary: log entries, levels",San Francisco,-0.3029411764705882
monthly sheet,"secondary: log entries, levels",Solanda,-0.4088235294117647
monthly sheet,"secondary: log entries, levels",Universidad,0.044117647058823525
monthly sheet,"robustness: share, first differences",Cardenal de la Torre,-0.059340659340659345
monthly sheet,"robustness: share, first differences",El Ejido,0.01978021978021978
monthly sheet,"robustness: share, first differences",El Recreo,-0.14285714285714285
monthly sheet,"robustness: share, first differences",Iñaquito,-0.18681318681318684
monthly sheet,"robustness: share, first differences",Jipijapa,0.059340659340659345
monthly sheet,"robustness: share, first differences",La Alameda,0.3054945054945055
monthly sheet,"robustness: share, first differences",La Carolina,0.14725274725274726
monthly sheet,"robustness: share, first differences",La Magdalena,0.015384615384615385
monthly sheet,"robustness: share, first differences",La Pradera,-0.2967032967032967
monthly sheet,"robustness: share, first differences",Labrador,-0.12967032967032965
monthly sheet,"robustness: share, first differences",Moran Valverde,-0.2
monthly sheet,"robustness: share, first differences",Quitumbe,-0.3098901098901099
monthly sheet,"robustness: share, first differences",San Francisco,0.2571428571428571
monthly sheet,"robustness: share, first differences",Solanda,0.17362637362637365
monthly sheet,"robustness: share, first differences",Universidad,0.09010989010989012
monthly sheet,"robustness: log entries, first differences",Cardenal de la Torre,0.1164835164835165
monthly sheet,"robustness: log entries, first differences",El Ejido,0.0857142857142857
monthly sheet,"robustness: log entries, first differences",El Recreo,0.0989010989010989
monthly sheet,"robustness: log entries, first differences",Iñaquito,-0.006593406593406593
monthly sheet,"robustness: log entries, first differences",Jipijapa,0.13406593406593406
monthly sheet,"robustness: log entries, first differences",La Alameda,0.3406593406593406
monthly sheet,"robustness: log entries, first differences",La Carolina,0.0945054945054945
monthly sheet,"robustness: log entries, first differences",La Magdalena,-0.015384615384615385
monthly sheet,"robustness: log entries, first differences",La Pradera,-0.367032967032967
monthly sheet,"robustness: log entries, first differences",Labrador,0.006593406593406593
monthly sheet,"robustness: log entries, first differences",Moran Valverde,-0.03736263736263736
monthly sheet,"robustness: log entries, first differences",Quitumbe,-0.054945054945054944
monthly sheet,"robustness: log entries, first differences",San Francisco,0.23956043956043957
monthly sheet,"robustness: log entries, first differences",Solanda,0.1164835164835165
monthly sheet,"robustness: log entries, first differences",Universidad,0.04615384615384615
hourly file (data-source check),"primary: share, levels",Cardenal de la Torre,-0.8705882352941177
hourly file (data-source check),"primary: share, levels",El Ejido,0.023529411764705882
hourly file (data-source check),"primary: share, levels",El Recreo,0.6735294117647058
hourly file (data-source check),"primary: share, levels",Iñaquito,-0.05294117647058824
hourly file (data-source check),"primary: share, levels",Jipijapa,-0.6970588235294117
hourly file (data-source check),"primary: share, levels",La Alameda,0.09999999999999999
hourly file (data-source check),"primary: share, levels",La Carolina,0.0058823529411764705
hourly file (data-source check),"primary: share, levels",La Magdalena,0.5323529411764706
hourly file (data-source check),"primary: share, levels",La Pradera,-0.2352941176470588
hourly file (data-source check),"primary: share, levels",Labrador,-0.10588235294117648
hourly file (data-source check),"primary: share, levels",Moran Valverde,0.09117647058823529
hourly file (data-source check),"primary: share, levels",Quitumbe,-0.3382352941176471
hourly file (data-source check),"primary: share, levels",San Francisco,0.411764705882353
hourly file (data-source check),"primary: share, levels",Solanda,-0.5676470588235295
hourly file (data-source check),"primary: share, levels",Universidad,0.36176470588235293
hourly file (data-source check),"secondary: log entries, levels",Cardenal de la Torre,-0.45
hourly file (data-source check),"secondary: log entries, levels",El Ejido,-0.3
hourly file (data-source check),"secondary: log entries, levels",El Recreo,-0.14411764705882352
hourly file (data-source check),"secondary: log entries, levels",Iñaquito,-0.39999999999999997
hourly file (data-source check),"secondary: log entries, levels",Jipijapa,-0.4382352941176471
hourly file (data-source check),"secondary: log entries, levels",La Alameda,-0.34411764705882353
hourly file (data-source check),"secondary: log entries, levels",La Carolina,-0.3735294117647059
hourly file (data-source check),"secondary: log entries, levels",La Magdalena,-0.13529411764705881
hourly file (data-source check),"secondary: log entries, levels",La Pradera,-0.5029411764705883
hourly file (data-source check),"secondary: log entries, levels",Labrador,-0.33529411764705885
hourly file (data-source check),"secondary: log entries, levels",Moran Valverde,-0.2735294117647059
hourly file (data-source check),"secondary: log entries, levels",Quitumbe,-0.4382352941176471
hourly file (data-source check),"secondary: log entries, levels",San Francisco,-0.08823529411764705
hourly file (data-source check),"secondary: log entries, levels",Solanda,-0.4088235294117647
hourly file (data-source check),"secondary: log entries, levels",Universidad,0.044117647058823525
