pollutant,estacion,week_date,week_label,raw_n_obs,raw_n_total,raw_pct_obs,raw_missing,in_balanced_panel
so2,belisario,2022-11-28,2022w48,12,12,1,FALSE,TRUE
so2,belisario,2022-12-05,2022w49,29,30,0.9666666666666667,FALSE,TRUE
so2,belisario,2022-12-12,2022w50,30,30,1,FALSE,TRUE
so2,belisario,2022-12-19,2022w51,30,30,1,FALSE,TRUE
so2,belisario,2022-12-26,2022w52,30,30,1,FALSE,TRUE
so2,belisario,2023-01-02,2023w01,30,30,1,FALSE,TRUE
so2,belisario,2023-01-09,2023w02,30,30,1,FALSE,TRUE
so2,belisario,2023-01-16,2023w03,30,30,1,FALSE,TRUE
so2,belisario,2023-01-23,2023w04,30,30,1,FALSE,TRUE
so2,belisario,2023-01-30,2023w05,30,30,1,FALSE,TRUE
so2,belisario,2023-02-06,2023w06,30,30,1,FALSE,TRUE
so2,belisario,2023-02-13,2023w07,30,30,1,FALSE,TRUE
so2,belisario,2023-02-20,2023w08,30,30,1,FALSE,TRUE
so2,belisario,2023-02-27,2023w09,28,30,0.9333333333333333,FALSE,TRUE
so2,belisario,2023-03-06,2023w10,30,30,1,FALSE,TRUE
so2,belisario,2023-03-13,2023w11,29,30,0.9666666666666667,FALSE,TRUE
so2,belisario,2023-03-20,2023w12,30,30,1,FALSE,TRUE
so2,belisario,2023-03-27,2023w13,30,30,1,FALSE,TRUE
so2,belisario,2023-04-03,2023w14,30,30,1,FALSE,TRUE
so2,belisario,2023-04-10,2023w15,30,30,1,FALSE,TRUE
so2,belisario,2023-04-17,2023w16,30,30,1,FALSE,TRUE
so2,belisario,2023-04-24,2023w17,30,30,1,FALSE,TRUE
so2,belisario,2023-05-01,2023w18,30,30,1,FALSE,TRUE
so2,belisario,2023-05-08,2023w19,30,30,1,FALSE,TRUE
so2,belisario,2023-05-15,2023w20,30,30,1,FALSE,TRUE
so2,belisario,2023-05-22,2023w21,27,30,0.9,FALSE,TRUE
so2,belisario,2023-05-29,2023w22,30,30,1,FALSE,TRUE
so2,belisario,2023-06-05,2023w23,30,30,1,FALSE,TRUE
so2,belisario,2023-06-12,2023w24,30,30,1,FALSE,TRUE
so2,belisario,2023-06-19,2023w25,30,30,1,FALSE,TRUE
so2,belisario,2023-06-26,2023w26,30,30,1,FALSE,TRUE
so2,belisario,2023-07-03,2023w27,30,30,1,FALSE,TRUE
so2,belisario,2023-07-10,2023w28,30,30,1,FALSE,TRUE
so2,belisario,2023-07-17,2023w29,30,30,1,FALSE,TRUE
so2,belisario,2023-07-24,2023w30,30,30,1,FALSE,TRUE
so2,belisario,2023-07-31,2023w31,30,30,1,FALSE,TRUE
so2,belisario,2023-08-07,2023w32,30,30,1,FALSE,TRUE
so2,belisario,2023-08-14,2023w33,30,30,1,FALSE,TRUE
so2,belisario,2023-08-21,2023w34,30,30,1,FALSE,TRUE
so2,belisario,2023-08-28,2023w35,30,30,1,FALSE,TRUE
so2,belisario,2023-09-04,2023w36,30,30,1,FALSE,TRUE
so2,belisario,2023-09-11,2023w37,30,30,1,FALSE,TRUE
so2,belisario,2023-09-18,2023w38,30,30,1,FALSE,TRUE
so2,belisario,2023-09-25,2023w39,30,30,1,FALSE,TRUE
so2,belisario,2023-10-02,2023w40,30,30,1,FALSE,TRUE
so2,belisario,2023-10-09,2023w41,30,30,1,FALSE,TRUE
so2,belisario,2023-10-16,2023w42,30,30,1,FALSE,TRUE
so2,belisario,2023-10-23,2023w43,30,30,1,FALSE,TRUE
so2,belisario,2023-10-30,2023w44,30,30,1,FALSE,TRUE
so2,belisario,2023-11-06,2023w45,30,30,1,FALSE,TRUE
so2,belisario,2023-11-13,2023w46,30,30,1,FALSE,TRUE
so2,belisario,2023-11-20,2023w47,29,30,0.9666666666666667,FALSE,TRUE
so2,belisario,2023-11-27,2023w48,30,30,1,FALSE,TRUE
so2,belisario,2023-12-04,2023w49,29,30,0.9666666666666667,FALSE,TRUE
so2,belisario,2023-12-11,2023w50,30,30,1,FALSE,TRUE
so2,belisario,2023-12-18,2023w51,30,30,1,FALSE,TRUE
so2,belisario,2023-12-25,2023w52,30,30,1,FALSE,TRUE
so2,belisario,2024-01-01,2024w01,30,30,1,FALSE,TRUE
so2,belisario,2024-01-08,2024w02,30,30,1,FALSE,TRUE
so2,belisario,2024-01-15,2024w03,30,30,1,FALSE,TRUE
so2,belisario,2024-01-22,2024w04,30,30,1,FALSE,TRUE
so2,belisario,2024-01-29,2024w05,30,30,1,FALSE,TRUE
so2,belisario,2024-02-05,2024w06,30,30,1,FALSE,TRUE
so2,belisario,2024-02-12,2024w07,30,30,1,FALSE,TRUE
so2,belisario,2024-02-19,2024w08,30,30,1,FALSE,TRUE
so2,belisario,2024-02-26,2024w09,30,30,1,FALSE,TRUE
so2,belisario,2024-03-04,2024w10,30,30,1,FALSE,TRUE
so2,belisario,2024-03-11,2024w11,30,30,1,FALSE,TRUE
so2,belisario,2024-03-18,2024w12,29,30,0.9666666666666667,FALSE,TRUE
so2,belisario,2024-03-25,2024w13,30,30,1,FALSE,TRUE
so2,belisario,2024-04-01,2024w14,30,30,1,FALSE,TRUE
so2,belisario,2024-04-08,2024w15,30,30,1,FALSE,TRUE
so2,belisario,2024-04-15,2024w16,25,30,0.8333333333333334,FALSE,TRUE
so2,belisario,2024-04-22,2024w17,30,30,1,FALSE,TRUE
so2,belisario,2024-04-29,2024w18,30,30,1,FALSE,TRUE
so2,belisario,2024-05-06,2024w19,30,30,1,FALSE,TRUE
so2,belisario,2024-05-13,2024w20,27,30,0.9,FALSE,TRUE
so2,belisario,2024-05-20,2024w21,30,30,1,FALSE,TRUE
so2,belisario,2024-05-27,2024w22,30,30,1,FALSE,TRUE
so2,belisario,2024-06-03,2024w23,30,30,1,FALSE,TRUE
so2,belisario,2024-06-10,2024w24,30,30,1,FALSE,TRUE
so2,belisario,2024-06-17,2024w25,30,30,1,FALSE,TRUE
so2,belisario,2024-06-24,2024w26,30,30,1,FALSE,TRUE
so2,belisario,2024-07-01,2024w27,30,30,1,FALSE,TRUE
so2,belisario,2024-07-08,2024w28,30,30,1,FALSE,TRUE
so2,belisario,2024-07-15,2024w29,30,30,1,FALSE,TRUE
so2,belisario,2024-07-22,2024w30,29,30,0.9666666666666667,FALSE,TRUE
so2,belisario,2024-07-29,2024w31,30,30,1,FALSE,TRUE
so2,belisario,2024-08-05,2024w32,30,30,1,FALSE,TRUE
so2,belisario,2024-08-12,2024w33,30,30,1,FALSE,TRUE
so2,belisario,2024-08-19,2024w34,30,30,1,FALSE,TRUE
so2,belisario,2024-08-26,2024w35,30,30,1,FALSE,TRUE
so2,belisario,2024-09-02,2024w36,30,30,1,FALSE,TRUE
so2,belisario,2024-09-09,2024w37,30,30,1,FALSE,TRUE
so2,belisario,2024-09-16,2024w38,30,30,1,FALSE,TRUE
so2,belisario,2024-09-23,2024w39,24,30,0.8,FALSE,TRUE
so2,belisario,2024-09-30,2024w40,28,30,0.9333333333333333,FALSE,TRUE
so2,belisario,2024-10-07,2024w41,28,30,0.9333333333333333,FALSE,TRUE
so2,belisario,2024-10-14,2024w42,29,30,0.9666666666666667,FALSE,TRUE
so2,belisario,2024-10-21,2024w43,30,30,1,FALSE,TRUE
so2,belisario,2024-10-28,2024w44,29,30,0.9666666666666667,FALSE,TRUE
so2,belisario,2024-11-04,2024w45,16,30,0.5333333333333333,FALSE,TRUE
so2,belisario,2024-11-11,2024w46,0,30,0,TRUE,TRUE
so2,belisario,2024-11-18,2024w47,30,30,1,FALSE,TRUE
so2,belisario,2024-11-25,2024w48,14,30,0.4666666666666667,FALSE,TRUE
so2,belisario,2024-12-02,2024w49,17,30,0.5666666666666667,FALSE,TRUE
so2,belisario,2024-12-09,2024w50,25,30,0.8333333333333334,FALSE,TRUE
so2,belisario,2024-12-16,2024w51,30,30,1,FALSE,TRUE
so2,belisario,2024-12-23,2024w52,30,30,1,FALSE,TRUE
so2,belisario,2024-12-30,2024w01,30,30,1,FALSE,TRUE
so2,belisario,2025-01-06,2025w02,29,30,0.9666666666666667,FALSE,TRUE
so2,belisario,2025-01-13,2025w03,30,30,1,FALSE,TRUE
so2,belisario,2025-01-20,2025w04,30,30,1,FALSE,TRUE
so2,belisario,2025-01-27,2025w05,28,30,0.9333333333333333,FALSE,TRUE
so2,belisario,2025-02-03,2025w06,28,30,0.9333333333333333,FALSE,TRUE
so2,belisario,2025-02-10,2025w07,30,30,1,FALSE,TRUE
so2,belisario,2025-02-17,2025w08,30,30,1,FALSE,TRUE
so2,belisario,2025-02-24,2025w09,30,30,1,FALSE,TRUE
so2,belisario,2025-03-03,2025w10,15,30,0.5,FALSE,TRUE
so2,belisario,2025-03-10,2025w11,30,30,1,FALSE,TRUE
so2,belisario,2025-03-17,2025w12,30,30,1,FALSE,TRUE
so2,belisario,2025-03-24,2025w13,27,30,0.9,FALSE,TRUE
so2,belisario,2025-03-31,2025w14,30,30,1,FALSE,TRUE
so2,belisario,2025-04-07,2025w15,28,30,0.9333333333333333,FALSE,TRUE
so2,belisario,2025-04-14,2025w16,30,30,1,FALSE,TRUE
so2,belisario,2025-04-21,2025w17,30,30,1,FALSE,TRUE
so2,belisario,2025-04-28,2025w18,30,30,1,FALSE,TRUE
so2,belisario,2025-05-05,2025w19,30,30,1,FALSE,TRUE
so2,belisario,2025-05-12,2025w20,30,30,1,FALSE,TRUE
so2,belisario,2025-05-19,2025w21,30,30,1,FALSE,TRUE
so2,belisario,2025-05-26,2025w22,30,30,1,FALSE,TRUE
so2,belisario,2025-06-02,2025w23,30,30,1,FALSE,TRUE
so2,belisario,2025-06-09,2025w24,20,30,0.6666666666666666,FALSE,TRUE
so2,belisario,2025-06-16,2025w25,30,30,1,FALSE,TRUE
so2,carapungo,2022-11-28,2022w48,8,12,0.6666666666666666,FALSE,TRUE
so2,carapungo,2022-12-05,2022w49,30,30,1,FALSE,TRUE
so2,carapungo,2022-12-12,2022w50,29,30,0.9666666666666667,FALSE,TRUE
so2,carapungo,2022-12-19,2022w51,29,30,0.9666666666666667,FALSE,TRUE
so2,carapungo,2022-12-26,2022w52,26,30,0.8666666666666667,FALSE,TRUE
so2,carapungo,2023-01-02,2023w01,30,30,1,FALSE,TRUE
so2,carapungo,2023-01-09,2023w02,30,30,1,FALSE,TRUE
so2,carapungo,2023-01-16,2023w03,26,30,0.8666666666666667,FALSE,TRUE
so2,carapungo,2023-01-23,2023w04,27,30,0.9,FALSE,TRUE
so2,carapungo,2023-01-30,2023w05,17,30,0.5666666666666667,FALSE,TRUE
so2,carapungo,2023-02-06,2023w06,30,30,1,FALSE,TRUE
so2,carapungo,2023-02-13,2023w07,30,30,1,FALSE,TRUE
so2,carapungo,2023-02-20,2023w08,30,30,1,FALSE,TRUE
so2,carapungo,2023-02-27,2023w09,30,30,1,FALSE,TRUE
so2,carapungo,2023-03-06,2023w10,30,30,1,FALSE,TRUE
so2,carapungo,2023-03-13,2023w11,29,30,0.9666666666666667,FALSE,TRUE
so2,carapungo,2023-03-20,2023w12,30,30,1,FALSE,TRUE
so2,carapungo,2023-03-27,2023w13,30,30,1,FALSE,TRUE
so2,carapungo,2023-04-03,2023w14,30,30,1,FALSE,TRUE
so2,carapungo,2023-04-10,2023w15,29,30,0.9666666666666667,FALSE,TRUE
so2,carapungo,2023-04-17,2023w16,30,30,1,FALSE,TRUE
so2,carapungo,2023-04-24,2023w17,22,30,0.7333333333333333,FALSE,TRUE
so2,carapungo,2023-05-01,2023w18,30,30,1,FALSE,TRUE
so2,carapungo,2023-05-08,2023w19,30,30,1,FALSE,TRUE
so2,carapungo,2023-05-15,2023w20,28,30,0.9333333333333333,FALSE,TRUE
so2,carapungo,2023-05-22,2023w21,29,30,0.9666666666666667,FALSE,TRUE
so2,carapungo,2023-05-29,2023w22,30,30,1,FALSE,TRUE
so2,carapungo,2023-06-05,2023w23,30,30,1,FALSE,TRUE
so2,carapungo,2023-06-12,2023w24,30,30,1,FALSE,TRUE
so2,carapungo,2023-06-19,2023w25,30,30,1,FALSE,TRUE
so2,carapungo,2023-06-26,2023w26,30,30,1,FALSE,TRUE
so2,carapungo,2023-07-03,2023w27,30,30,1,FALSE,TRUE
so2,carapungo,2023-07-10,2023w28,30,30,1,FALSE,TRUE
so2,carapungo,2023-07-17,2023w29,30,30,1,FALSE,TRUE
so2,carapungo,2023-07-24,2023w30,30,30,1,FALSE,TRUE
so2,carapungo,2023-07-31,2023w31,30,30,1,FALSE,TRUE
so2,carapungo,2023-08-07,2023w32,30,30,1,FALSE,TRUE
so2,carapungo,2023-08-14,2023w33,30,30,1,FALSE,TRUE
so2,carapungo,2023-08-21,2023w34,30,30,1,FALSE,TRUE
so2,carapungo,2023-08-28,2023w35,29,30,0.9666666666666667,FALSE,TRUE
so2,carapungo,2023-09-04,2023w36,28,30,0.9333333333333333,FALSE,TRUE
so2,carapungo,2023-09-11,2023w37,30,30,1,FALSE,TRUE
so2,carapungo,2023-09-18,2023w38,26,30,0.8666666666666667,FALSE,TRUE
so2,carapungo,2023-09-25,2023w39,25,30,0.8333333333333334,FALSE,TRUE
so2,carapungo,2023-10-02,2023w40,30,30,1,FALSE,TRUE
so2,carapungo,2023-10-09,2023w41,27,30,0.9,FALSE,TRUE
so2,carapungo,2023-10-16,2023w42,29,30,0.9666666666666667,FALSE,TRUE
so2,carapungo,2023-10-23,2023w43,27,30,0.9,FALSE,TRUE
so2,carapungo,2023-10-30,2023w44,0,30,0,TRUE,TRUE
so2,carapungo,2023-11-06,2023w45,26,30,0.8666666666666667,FALSE,TRUE
so2,carapungo,2023-11-13,2023w46,29,30,0.9666666666666667,FALSE,TRUE
so2,carapungo,2023-11-20,2023w47,28,30,0.9333333333333333,FALSE,TRUE
so2,carapungo,2023-11-27,2023w48,30,30,1,FALSE,TRUE
so2,carapungo,2023-12-04,2023w49,30,30,1,FALSE,TRUE
so2,carapungo,2023-12-11,2023w50,30,30,1,FALSE,TRUE
so2,carapungo,2023-12-18,2023w51,30,30,1,FALSE,TRUE
so2,carapungo,2023-12-25,2023w52,30,30,1,FALSE,TRUE
so2,carapungo,2024-01-01,2024w01,30,30,1,FALSE,TRUE
so2,carapungo,2024-01-08,2024w02,30,30,1,FALSE,TRUE
so2,carapungo,2024-01-15,2024w03,29,30,0.9666666666666667,FALSE,TRUE
so2,carapungo,2024-01-22,2024w04,30,30,1,FALSE,TRUE
so2,carapungo,2024-01-29,2024w05,30,30,1,FALSE,TRUE
so2,carapungo,2024-02-05,2024w06,29,30,0.9666666666666667,FALSE,TRUE
so2,carapungo,2024-02-12,2024w07,28,30,0.9333333333333333,FALSE,TRUE
so2,carapungo,2024-02-19,2024w08,30,30,1,FALSE,TRUE
so2,carapungo,2024-02-26,2024w09,28,30,0.9333333333333333,FALSE,TRUE
so2,carapungo,2024-03-04,2024w10,30,30,1,FALSE,TRUE
so2,carapungo,2024-03-11,2024w11,30,30,1,FALSE,TRUE
so2,carapungo,2024-03-18,2024w12,27,30,0.9,FALSE,TRUE
so2,carapungo,2024-03-25,2024w13,28,30,0.9333333333333333,FALSE,TRUE
so2,carapungo,2024-04-01,2024w14,30,30,1,FALSE,TRUE
so2,carapungo,2024-04-08,2024w15,27,30,0.9,FALSE,TRUE
so2,carapungo,2024-04-15,2024w16,21,30,0.7,FALSE,TRUE
so2,carapungo,2024-04-22,2024w17,0,30,0,TRUE,TRUE
so2,carapungo,2024-04-29,2024w18,18,30,0.6,FALSE,TRUE
so2,carapungo,2024-05-06,2024w19,25,30,0.8333333333333334,FALSE,TRUE
so2,carapungo,2024-05-13,2024w20,28,30,0.9333333333333333,FALSE,TRUE
so2,carapungo,2024-05-20,2024w21,29,30,0.9666666666666667,FALSE,TRUE
so2,carapungo,2024-05-27,2024w22,30,30,1,FALSE,TRUE
so2,carapungo,2024-06-03,2024w23,30,30,1,FALSE,TRUE
so2,carapungo,2024-06-10,2024w24,30,30,1,FALSE,TRUE
so2,carapungo,2024-06-17,2024w25,29,30,0.9666666666666667,FALSE,TRUE
so2,carapungo,2024-06-24,2024w26,30,30,1,FALSE,TRUE
so2,carapungo,2024-07-01,2024w27,30,30,1,FALSE,TRUE
so2,carapungo,2024-07-08,2024w28,30,30,1,FALSE,TRUE
so2,carapungo,2024-07-15,2024w29,30,30,1,FALSE,TRUE
so2,carapungo,2024-07-22,2024w30,30,30,1,FALSE,TRUE
so2,carapungo,2024-07-29,2024w31,30,30,1,FALSE,TRUE
so2,carapungo,2024-08-05,2024w32,29,30,0.9666666666666667,FALSE,TRUE
so2,carapungo,2024-08-12,2024w33,30,30,1,FALSE,TRUE
so2,carapungo,2024-08-19,2024w34,28,30,0.9333333333333333,FALSE,TRUE
so2,carapungo,2024-08-26,2024w35,23,30,0.7666666666666667,FALSE,TRUE
so2,carapungo,2024-09-02,2024w36,28,30,0.9333333333333333,FALSE,TRUE
so2,carapungo,2024-09-09,2024w37,29,30,0.9666666666666667,FALSE,TRUE
so2,carapungo,2024-09-16,2024w38,30,30,1,FALSE,TRUE
so2,carapungo,2024-09-23,2024w39,29,30,0.9666666666666667,FALSE,TRUE
so2,carapungo,2024-09-30,2024w40,28,30,0.9333333333333333,FALSE,TRUE
so2,carapungo,2024-10-07,2024w41,21,30,0.7,FALSE,TRUE
so2,carapungo,2024-10-14,2024w42,18,30,0.6,FALSE,TRUE
so2,carapungo,2024-10-21,2024w43,15,30,0.5,FALSE,TRUE
so2,carapungo,2024-10-28,2024w44,5,30,0.16666666666666666,FALSE,TRUE
so2,carapungo,2024-11-04,2024w45,6,30,0.2,FALSE,TRUE
so2,carapungo,2024-11-11,2024w46,24,30,0.8,FALSE,TRUE
so2,carapungo,2024-11-18,2024w47,29,30,0.9666666666666667,FALSE,TRUE
so2,carapungo,2024-11-25,2024w48,6,30,0.2,FALSE,TRUE
so2,carapungo,2024-12-02,2024w49,19,30,0.6333333333333333,FALSE,TRUE
so2,carapungo,2024-12-09,2024w50,30,30,1,FALSE,TRUE
so2,carapungo,2024-12-16,2024w51,27,30,0.9,FALSE,TRUE
so2,carapungo,2024-12-23,2024w52,29,30,0.9666666666666667,FALSE,TRUE
so2,carapungo,2024-12-30,2024w01,13,30,0.43333333333333335,FALSE,TRUE
so2,carapungo,2025-01-06,2025w02,25,30,0.8333333333333334,FALSE,TRUE
so2,carapungo,2025-01-13,2025w03,21,30,0.7,FALSE,TRUE
so2,carapungo,2025-01-20,2025w04,18,30,0.6,FALSE,TRUE
so2,carapungo,2025-01-27,2025w05,30,30,1,FALSE,TRUE
so2,carapungo,2025-02-03,2025w06,30,30,1,FALSE,TRUE
so2,carapungo,2025-02-10,2025w07,30,30,1,FALSE,TRUE
so2,carapungo,2025-02-17,2025w08,30,30,1,FALSE,TRUE
so2,carapungo,2025-02-24,2025w09,30,30,1,FALSE,TRUE
so2,carapungo,2025-03-03,2025w10,30,30,1,FALSE,TRUE
so2,carapungo,2025-03-10,2025w11,3,30,0.1,FALSE,TRUE
so2,carapungo,2025-03-17,2025w12,0,30,0,TRUE,TRUE
so2,carapungo,2025-03-24,2025w13,0,30,0,TRUE,TRUE
so2,carapungo,2025-03-31,2025w14,21,30,0.7,FALSE,TRUE
so2,carapungo,2025-04-07,2025w15,30,30,1,FALSE,TRUE
so2,carapungo,2025-04-14,2025w16,30,30,1,FALSE,TRUE
so2,carapungo,2025-04-21,2025w17,30,30,1,FALSE,TRUE
so2,carapungo,2025-04-28,2025w18,28,30,0.9333333333333333,FALSE,TRUE
so2,carapungo,2025-05-05,2025w19,30,30,1,FALSE,TRUE
so2,carapungo,2025-05-12,2025w20,30,30,1,FALSE,TRUE
so2,carapungo,2025-05-19,2025w21,30,30,1,FALSE,TRUE
so2,carapungo,2025-05-26,2025w22,30,30,1,FALSE,TRUE
so2,carapungo,2025-06-02,2025w23,30,30,1,FALSE,TRUE
so2,carapungo,2025-06-09,2025w24,30,30,1,FALSE,TRUE
so2,carapungo,2025-06-16,2025w25,30,30,1,FALSE,TRUE
so2,centro,2022-11-28,2022w48,12,12,1,FALSE,TRUE
so2,centro,2022-12-05,2022w49,30,30,1,FALSE,TRUE
so2,centro,2022-12-12,2022w50,30,30,1,FALSE,TRUE
so2,centro,2022-12-19,2022w51,30,30,1,FALSE,TRUE
so2,centro,2022-12-26,2022w52,30,30,1,FALSE,TRUE
so2,centro,2023-01-02,2023w01,30,30,1,FALSE,TRUE
so2,centro,2023-01-09,2023w02,30,30,1,FALSE,TRUE
so2,centro,2023-01-16,2023w03,29,30,0.9666666666666667,FALSE,TRUE
so2,centro,2023-01-23,2023w04,30,30,1,FALSE,TRUE
so2,centro,2023-01-30,2023w05,30,30,1,FALSE,TRUE
so2,centro,2023-02-06,2023w06,28,30,0.9333333333333333,FALSE,TRUE
so2,centro,2023-02-13,2023w07,30,30,1,FALSE,TRUE
so2,centro,2023-02-20,2023w08,30,30,1,FALSE,TRUE
so2,centro,2023-02-27,2023w09,29,30,0.9666666666666667,FALSE,TRUE
so2,centro,2023-03-06,2023w10,30,30,1,FALSE,TRUE
so2,centro,2023-03-13,2023w11,29,30,0.9666666666666667,FALSE,TRUE
so2,centro,2023-03-20,2023w12,30,30,1,FALSE,TRUE
so2,centro,2023-03-27,2023w13,30,30,1,FALSE,TRUE
so2,centro,2023-04-03,2023w14,30,30,1,FALSE,TRUE
so2,centro,2023-04-10,2023w15,30,30,1,FALSE,TRUE
so2,centro,2023-04-17,2023w16,30,30,1,FALSE,TRUE
so2,centro,2023-04-24,2023w17,30,30,1,FALSE,TRUE
so2,centro,2023-05-01,2023w18,30,30,1,FALSE,TRUE
so2,centro,2023-05-08,2023w19,30,30,1,FALSE,TRUE
so2,centro,2023-05-15,2023w20,30,30,1,FALSE,TRUE
so2,centro,2023-05-22,2023w21,27,30,0.9,FALSE,TRUE
so2,centro,2023-05-29,2023w22,30,30,1,FALSE,TRUE
so2,centro,2023-06-05,2023w23,30,30,1,FALSE,TRUE
so2,centro,2023-06-12,2023w24,30,30,1,FALSE,TRUE
so2,centro,2023-06-19,2023w25,30,30,1,FALSE,TRUE
so2,centro,2023-06-26,2023w26,30,30,1,FALSE,TRUE
so2,centro,2023-07-03,2023w27,30,30,1,FALSE,TRUE
so2,centro,2023-07-10,2023w28,30,30,1,FALSE,TRUE
so2,centro,2023-07-17,2023w29,27,30,0.9,FALSE,TRUE
so2,centro,2023-07-24,2023w30,27,30,0.9,FALSE,TRUE
so2,centro,2023-07-31,2023w31,29,30,0.9666666666666667,FALSE,TRUE
so2,centro,2023-08-07,2023w32,30,30,1,FALSE,TRUE
so2,centro,2023-08-14,2023w33,30,30,1,FALSE,TRUE
so2,centro,2023-08-21,2023w34,30,30,1,FALSE,TRUE
so2,centro,2023-08-28,2023w35,30,30,1,FALSE,TRUE
so2,centro,2023-09-04,2023w36,25,30,0.8333333333333334,FALSE,TRUE
so2,centro,2023-09-11,2023w37,30,30,1,FALSE,TRUE
so2,centro,2023-09-18,2023w38,30,30,1,FALSE,TRUE
so2,centro,2023-09-25,2023w39,30,30,1,FALSE,TRUE
so2,centro,2023-10-02,2023w40,30,30,1,FALSE,TRUE
so2,centro,2023-10-09,2023w41,30,30,1,FALSE,TRUE
so2,centro,2023-10-16,2023w42,26,30,0.8666666666666667,FALSE,TRUE
so2,centro,2023-10-23,2023w43,22,30,0.7333333333333333,FALSE,TRUE
so2,centro,2023-10-30,2023w44,29,30,0.9666666666666667,FALSE,TRUE
so2,centro,2023-11-06,2023w45,30,30,1,FALSE,TRUE
so2,centro,2023-11-13,2023w46,30,30,1,FALSE,TRUE
so2,centro,2023-11-20,2023w47,30,30,1,FALSE,TRUE
so2,centro,2023-11-27,2023w48,30,30,1,FALSE,TRUE
so2,centro,2023-12-04,2023w49,30,30,1,FALSE,TRUE
so2,centro,2023-12-11,2023w50,30,30,1,FALSE,TRUE
so2,centro,2023-12-18,2023w51,30,30,1,FALSE,TRUE
so2,centro,2023-12-25,2023w52,26,30,0.8666666666666667,FALSE,TRUE
so2,centro,2024-01-01,2024w01,29,30,0.9666666666666667,FALSE,TRUE
so2,centro,2024-01-08,2024w02,30,30,1,FALSE,TRUE
so2,centro,2024-01-15,2024w03,30,30,1,FALSE,TRUE
so2,centro,2024-01-22,2024w04,30,30,1,FALSE,TRUE
so2,centro,2024-01-29,2024w05,30,30,1,FALSE,TRUE
so2,centro,2024-02-05,2024w06,30,30,1,FALSE,TRUE
so2,centro,2024-02-12,2024w07,30,30,1,FALSE,TRUE
so2,centro,2024-02-19,2024w08,27,30,0.9,FALSE,TRUE
so2,centro,2024-02-26,2024w09,30,30,1,FALSE,TRUE
so2,centro,2024-03-04,2024w10,30,30,1,FALSE,TRUE
so2,centro,2024-03-11,2024w11,30,30,1,FALSE,TRUE
so2,centro,2024-03-18,2024w12,30,30,1,FALSE,TRUE
so2,centro,2024-03-25,2024w13,30,30,1,FALSE,TRUE
so2,centro,2024-04-01,2024w14,18,30,0.6,FALSE,TRUE
so2,centro,2024-04-08,2024w15,30,30,1,FALSE,TRUE
so2,centro,2024-04-15,2024w16,28,30,0.9333333333333333,FALSE,TRUE
so2,centro,2024-04-22,2024w17,30,30,1,FALSE,TRUE
so2,centro,2024-04-29,2024w18,30,30,1,FALSE,TRUE
so2,centro,2024-05-06,2024w19,30,30,1,FALSE,TRUE
so2,centro,2024-05-13,2024w20,29,30,0.9666666666666667,FALSE,TRUE
so2,centro,2024-05-20,2024w21,30,30,1,FALSE,TRUE
so2,centro,2024-05-27,2024w22,30,30,1,FALSE,TRUE
so2,centro,2024-06-03,2024w23,27,30,0.9,FALSE,TRUE
so2,centro,2024-06-10,2024w24,30,30,1,FALSE,TRUE
so2,centro,2024-06-17,2024w25,30,30,1,FALSE,TRUE
so2,centro,2024-06-24,2024w26,29,30,0.9666666666666667,FALSE,TRUE
so2,centro,2024-07-01,2024w27,30,30,1,FALSE,TRUE
so2,centro,2024-07-08,2024w28,30,30,1,FALSE,TRUE
so2,centro,2024-07-15,2024w29,30,30,1,FALSE,TRUE
so2,centro,2024-07-22,2024w30,30,30,1,FALSE,TRUE
so2,centro,2024-07-29,2024w31,30,30,1,FALSE,TRUE
so2,centro,2024-08-05,2024w32,30,30,1,FALSE,TRUE
so2,centro,2024-08-12,2024w33,29,30,0.9666666666666667,FALSE,TRUE
so2,centro,2024-08-19,2024w34,30,30,1,FALSE,TRUE
so2,centro,2024-08-26,2024w35,30,30,1,FALSE,TRUE
so2,centro,2024-09-02,2024w36,30,30,1,FALSE,TRUE
so2,centro,2024-09-09,2024w37,30,30,1,FALSE,TRUE
so2,centro,2024-09-16,2024w38,30,30,1,FALSE,TRUE
so2,centro,2024-09-23,2024w39,23,30,0.7666666666666667,FALSE,TRUE
so2,centro,2024-09-30,2024w40,30,30,1,FALSE,TRUE
so2,centro,2024-10-07,2024w41,30,30,1,FALSE,TRUE
so2,centro,2024-10-14,2024w42,30,30,1,FALSE,TRUE
so2,centro,2024-10-21,2024w43,30,30,1,FALSE,TRUE
so2,centro,2024-10-28,2024w44,30,30,1,FALSE,TRUE
so2,centro,2024-11-04,2024w45,28,30,0.9333333333333333,FALSE,TRUE
so2,centro,2024-11-11,2024w46,29,30,0.9666666666666667,FALSE,TRUE
so2,centro,2024-11-18,2024w47,27,30,0.9,FALSE,TRUE
so2,centro,2024-11-25,2024w48,30,30,1,FALSE,TRUE
so2,centro,2024-12-02,2024w49,30,30,1,FALSE,TRUE
so2,centro,2024-12-09,2024w50,30,30,1,FALSE,TRUE
so2,centro,2024-12-16,2024w51,29,30,0.9666666666666667,FALSE,TRUE
so2,centro,2024-12-23,2024w52,30,30,1,FALSE,TRUE
so2,centro,2024-12-30,2024w01,30,30,1,FALSE,TRUE
so2,centro,2025-01-06,2025w02,30,30,1,FALSE,TRUE
so2,centro,2025-01-13,2025w03,27,30,0.9,FALSE,TRUE
so2,centro,2025-01-20,2025w04,30,30,1,FALSE,TRUE
so2,centro,2025-01-27,2025w05,30,30,1,FALSE,TRUE
so2,centro,2025-02-03,2025w06,21,30,0.7,FALSE,TRUE
so2,centro,2025-02-10,2025w07,15,30,0.5,FALSE,TRUE
so2,centro,2025-02-17,2025w08,29,30,0.9666666666666667,FALSE,TRUE
so2,centro,2025-02-24,2025w09,24,30,0.8,FALSE,TRUE
so2,centro,2025-03-03,2025w10,30,30,1,FALSE,TRUE
so2,centro,2025-03-10,2025w11,25,30,0.8333333333333334,FALSE,TRUE
so2,centro,2025-03-17,2025w12,20,30,0.6666666666666666,FALSE,TRUE
so2,centro,2025-03-24,2025w13,29,30,0.9666666666666667,FALSE,TRUE
so2,centro,2025-03-31,2025w14,28,30,0.9333333333333333,FALSE,TRUE
so2,centro,2025-04-07,2025w15,26,30,0.8666666666666667,FALSE,TRUE
so2,centro,2025-04-14,2025w16,6,30,0.2,FALSE,TRUE
so2,centro,2025-04-21,2025w17,29,30,0.9666666666666667,FALSE,TRUE
so2,centro,2025-04-28,2025w18,30,30,1,FALSE,TRUE
so2,centro,2025-05-05,2025w19,28,30,0.9333333333333333,FALSE,TRUE
so2,centro,2025-05-12,2025w20,30,30,1,FALSE,TRUE
so2,centro,2025-05-19,2025w21,30,30,1,FALSE,TRUE
so2,centro,2025-05-26,2025w22,30,30,1,FALSE,TRUE
so2,centro,2025-06-02,2025w23,14,30,0.4666666666666667,FALSE,TRUE
so2,centro,2025-06-09,2025w24,0,30,0,TRUE,TRUE
so2,centro,2025-06-16,2025w25,18,30,0.6,FALSE,TRUE
so2,cotocollao,2022-11-28,2022w48,12,12,1,FALSE,TRUE
so2,cotocollao,2022-12-05,2022w49,30,30,1,FALSE,TRUE
so2,cotocollao,2022-12-12,2022w50,30,30,1,FALSE,TRUE
so2,cotocollao,2022-12-19,2022w51,30,30,1,FALSE,TRUE
so2,cotocollao,2022-12-26,2022w52,30,30,1,FALSE,TRUE
so2,cotocollao,2023-01-02,2023w01,29,30,0.9666666666666667,FALSE,TRUE
so2,cotocollao,2023-01-09,2023w02,30,30,1,FALSE,TRUE
so2,cotocollao,2023-01-16,2023w03,30,30,1,FALSE,TRUE
so2,cotocollao,2023-01-23,2023w04,30,30,1,FALSE,TRUE
so2,cotocollao,2023-01-30,2023w05,30,30,1,FALSE,TRUE
so2,cotocollao,2023-02-06,2023w06,30,30,1,FALSE,TRUE
so2,cotocollao,2023-02-13,2023w07,30,30,1,FALSE,TRUE
so2,cotocollao,2023-02-20,2023w08,30,30,1,FALSE,TRUE
so2,cotocollao,2023-02-27,2023w09,30,30,1,FALSE,TRUE
so2,cotocollao,2023-03-06,2023w10,30,30,1,FALSE,TRUE
so2,cotocollao,2023-03-13,2023w11,27,30,0.9,FALSE,TRUE
so2,cotocollao,2023-03-20,2023w12,30,30,1,FALSE,TRUE
so2,cotocollao,2023-03-27,2023w13,30,30,1,FALSE,TRUE
so2,cotocollao,2023-04-03,2023w14,30,30,1,FALSE,TRUE
so2,cotocollao,2023-04-10,2023w15,30,30,1,FALSE,TRUE
so2,cotocollao,2023-04-17,2023w16,30,30,1,FALSE,TRUE
so2,cotocollao,2023-04-24,2023w17,29,30,0.9666666666666667,FALSE,TRUE
so2,cotocollao,2023-05-01,2023w18,26,30,0.8666666666666667,FALSE,TRUE
so2,cotocollao,2023-05-08,2023w19,30,30,1,FALSE,TRUE
so2,cotocollao,2023-05-15,2023w20,30,30,1,FALSE,TRUE
so2,cotocollao,2023-05-22,2023w21,30,30,1,FALSE,TRUE
so2,cotocollao,2023-05-29,2023w22,30,30,1,FALSE,TRUE
so2,cotocollao,2023-06-05,2023w23,30,30,1,FALSE,TRUE
so2,cotocollao,2023-06-12,2023w24,30,30,1,FALSE,TRUE
so2,cotocollao,2023-06-19,2023w25,30,30,1,FALSE,TRUE
so2,cotocollao,2023-06-26,2023w26,30,30,1,FALSE,TRUE
so2,cotocollao,2023-07-03,2023w27,30,30,1,FALSE,TRUE
so2,cotocollao,2023-07-10,2023w28,29,30,0.9666666666666667,FALSE,TRUE
so2,cotocollao,2023-07-17,2023w29,30,30,1,FALSE,TRUE
so2,cotocollao,2023-07-24,2023w30,28,30,0.9333333333333333,FALSE,TRUE
so2,cotocollao,2023-07-31,2023w31,30,30,1,FALSE,TRUE
so2,cotocollao,2023-08-07,2023w32,30,30,1,FALSE,TRUE
so2,cotocollao,2023-08-14,2023w33,24,30,0.8,FALSE,TRUE
so2,cotocollao,2023-08-21,2023w34,30,30,1,FALSE,TRUE
so2,cotocollao,2023-08-28,2023w35,30,30,1,FALSE,TRUE
so2,cotocollao,2023-09-04,2023w36,30,30,1,FALSE,TRUE
so2,cotocollao,2023-09-11,2023w37,30,30,1,FALSE,TRUE
so2,cotocollao,2023-09-18,2023w38,30,30,1,FALSE,TRUE
so2,cotocollao,2023-09-25,2023w39,30,30,1,FALSE,TRUE
so2,cotocollao,2023-10-02,2023w40,30,30,1,FALSE,TRUE
so2,cotocollao,2023-10-09,2023w41,30,30,1,FALSE,TRUE
so2,cotocollao,2023-10-16,2023w42,30,30,1,FALSE,TRUE
so2,cotocollao,2023-10-23,2023w43,30,30,1,FALSE,TRUE
so2,cotocollao,2023-10-30,2023w44,30,30,1,FALSE,TRUE
so2,cotocollao,2023-11-06,2023w45,30,30,1,FALSE,TRUE
so2,cotocollao,2023-11-13,2023w46,29,30,0.9666666666666667,FALSE,TRUE
so2,cotocollao,2023-11-20,2023w47,28,30,0.9333333333333333,FALSE,TRUE
so2,cotocollao,2023-11-27,2023w48,27,30,0.9,FALSE,TRUE
so2,cotocollao,2023-12-04,2023w49,28,30,0.9333333333333333,FALSE,TRUE
so2,cotocollao,2023-12-11,2023w50,25,30,0.8333333333333334,FALSE,TRUE
so2,cotocollao,2023-12-18,2023w51,30,30,1,FALSE,TRUE
so2,cotocollao,2023-12-25,2023w52,30,30,1,FALSE,TRUE
so2,cotocollao,2024-01-01,2024w01,30,30,1,FALSE,TRUE
so2,cotocollao,2024-01-08,2024w02,30,30,1,FALSE,TRUE
so2,cotocollao,2024-01-15,2024w03,30,30,1,FALSE,TRUE
so2,cotocollao,2024-01-22,2024w04,29,30,0.9666666666666667,FALSE,TRUE
so2,cotocollao,2024-01-29,2024w05,30,30,1,FALSE,TRUE
so2,cotocollao,2024-02-05,2024w06,30,30,1,FALSE,TRUE
so2,cotocollao,2024-02-12,2024w07,30,30,1,FALSE,TRUE
so2,cotocollao,2024-02-19,2024w08,30,30,1,FALSE,TRUE
so2,cotocollao,2024-02-26,2024w09,30,30,1,FALSE,TRUE
so2,cotocollao,2024-03-04,2024w10,30,30,1,FALSE,TRUE
so2,cotocollao,2024-03-11,2024w11,30,30,1,FALSE,TRUE
so2,cotocollao,2024-03-18,2024w12,30,30,1,FALSE,TRUE
so2,cotocollao,2024-03-25,2024w13,27,30,0.9,FALSE,TRUE
so2,cotocollao,2024-04-01,2024w14,30,30,1,FALSE,TRUE
so2,cotocollao,2024-04-08,2024w15,30,30,1,FALSE,TRUE
so2,cotocollao,2024-04-15,2024w16,12,30,0.4,FALSE,TRUE
so2,cotocollao,2024-04-22,2024w17,26,30,0.8666666666666667,FALSE,TRUE
so2,cotocollao,2024-04-29,2024w18,30,30,1,FALSE,TRUE
so2,cotocollao,2024-05-06,2024w19,30,30,1,FALSE,TRUE
so2,cotocollao,2024-05-13,2024w20,30,30,1,FALSE,TRUE
so2,cotocollao,2024-05-20,2024w21,29,30,0.9666666666666667,FALSE,TRUE
so2,cotocollao,2024-05-27,2024w22,30,30,1,FALSE,TRUE
so2,cotocollao,2024-06-03,2024w23,30,30,1,FALSE,TRUE
so2,cotocollao,2024-06-10,2024w24,30,30,1,FALSE,TRUE
so2,cotocollao,2024-06-17,2024w25,30,30,1,FALSE,TRUE
so2,cotocollao,2024-06-24,2024w26,30,30,1,FALSE,TRUE
so2,cotocollao,2024-07-01,2024w27,30,30,1,FALSE,TRUE
so2,cotocollao,2024-07-08,2024w28,30,30,1,FALSE,TRUE
so2,cotocollao,2024-07-15,2024w29,30,30,1,FALSE,TRUE
so2,cotocollao,2024-07-22,2024w30,30,30,1,FALSE,TRUE
so2,cotocollao,2024-07-29,2024w31,30,30,1,FALSE,TRUE
so2,cotocollao,2024-08-05,2024w32,30,30,1,FALSE,TRUE
so2,cotocollao,2024-08-12,2024w33,30,30,1,FALSE,TRUE
so2,cotocollao,2024-08-19,2024w34,30,30,1,FALSE,TRUE
so2,cotocollao,2024-08-26,2024w35,28,30,0.9333333333333333,FALSE,TRUE
so2,cotocollao,2024-09-02,2024w36,30,30,1,FALSE,TRUE
so2,cotocollao,2024-09-09,2024w37,30,30,1,FALSE,TRUE
so2,cotocollao,2024-09-16,2024w38,30,30,1,FALSE,TRUE
so2,cotocollao,2024-09-23,2024w39,28,30,0.9333333333333333,FALSE,TRUE
so2,cotocollao,2024-09-30,2024w40,30,30,1,FALSE,TRUE
so2,cotocollao,2024-10-07,2024w41,30,30,1,FALSE,TRUE
so2,cotocollao,2024-10-14,2024w42,30,30,1,FALSE,TRUE
so2,cotocollao,2024-10-21,2024w43,30,30,1,FALSE,TRUE
so2,cotocollao,2024-10-28,2024w44,27,30,0.9,FALSE,TRUE
so2,cotocollao,2024-11-04,2024w45,30,30,1,FALSE,TRUE
so2,cotocollao,2024-11-11,2024w46,29,30,0.9666666666666667,FALSE,TRUE
so2,cotocollao,2024-11-18,2024w47,30,30,1,FALSE,TRUE
so2,cotocollao,2024-11-25,2024w48,30,30,1,FALSE,TRUE
so2,cotocollao,2024-12-02,2024w49,30,30,1,FALSE,TRUE
so2,cotocollao,2024-12-09,2024w50,30,30,1,FALSE,TRUE
so2,cotocollao,2024-12-16,2024w51,30,30,1,FALSE,TRUE
so2,cotocollao,2024-12-23,2024w52,24,30,0.8,FALSE,TRUE
so2,cotocollao,2024-12-30,2024w01,30,30,1,FALSE,TRUE
so2,cotocollao,2025-01-06,2025w02,30,30,1,FALSE,TRUE
so2,cotocollao,2025-01-13,2025w03,30,30,1,FALSE,TRUE
so2,cotocollao,2025-01-20,2025w04,30,30,1,FALSE,TRUE
so2,cotocollao,2025-01-27,2025w05,24,30,0.8,FALSE,TRUE
so2,cotocollao,2025-02-03,2025w06,30,30,1,FALSE,TRUE
so2,cotocollao,2025-02-10,2025w07,30,30,1,FALSE,TRUE
so2,cotocollao,2025-02-17,2025w08,30,30,1,FALSE,TRUE
so2,cotocollao,2025-02-24,2025w09,30,30,1,FALSE,TRUE
so2,cotocollao,2025-03-03,2025w10,30,30,1,FALSE,TRUE
so2,cotocollao,2025-03-10,2025w11,30,30,1,FALSE,TRUE
so2,cotocollao,2025-03-17,2025w12,27,30,0.9,FALSE,TRUE
so2,cotocollao,2025-03-24,2025w13,30,30,1,FALSE,TRUE
so2,cotocollao,2025-03-31,2025w14,29,30,0.9666666666666667,FALSE,TRUE
so2,cotocollao,2025-04-07,2025w15,30,30,1,FALSE,TRUE
so2,cotocollao,2025-04-14,2025w16,30,30,1,FALSE,TRUE
so2,cotocollao,2025-04-21,2025w17,30,30,1,FALSE,TRUE
so2,cotocollao,2025-04-28,2025w18,30,30,1,FALSE,TRUE
so2,cotocollao,2025-05-05,2025w19,30,30,1,FALSE,TRUE
so2,cotocollao,2025-05-12,2025w20,30,30,1,FALSE,TRUE
so2,cotocollao,2025-05-19,2025w21,30,30,1,FALSE,TRUE
so2,cotocollao,2025-05-26,2025w22,30,30,1,FALSE,TRUE
so2,cotocollao,2025-06-02,2025w23,30,30,1,FALSE,TRUE
so2,cotocollao,2025-06-09,2025w24,30,30,1,FALSE,TRUE
so2,cotocollao,2025-06-16,2025w25,30,30,1,FALSE,TRUE
so2,guamani,2022-11-28,2022w48,11,12,0.9166666666666666,FALSE,TRUE
so2,guamani,2022-12-05,2022w49,30,30,1,FALSE,TRUE
so2,guamani,2022-12-12,2022w50,30,30,1,FALSE,TRUE
so2,guamani,2022-12-19,2022w51,30,30,1,FALSE,TRUE
so2,guamani,2022-12-26,2022w52,30,30,1,FALSE,TRUE
so2,guamani,2023-01-02,2023w01,30,30,1,FALSE,TRUE
so2,guamani,2023-01-09,2023w02,30,30,1,FALSE,TRUE
so2,guamani,2023-01-16,2023w03,28,30,0.9333333333333333,FALSE,TRUE
so2,guamani,2023-01-23,2023w04,30,30,1,FALSE,TRUE
so2,guamani,2023-01-30,2023w05,27,30,0.9,FALSE,TRUE
so2,guamani,2023-02-06,2023w06,30,30,1,FALSE,TRUE
so2,guamani,2023-02-13,2023w07,30,30,1,FALSE,TRUE
so2,guamani,2023-02-20,2023w08,29,30,0.9666666666666667,FALSE,TRUE
so2,guamani,2023-02-27,2023w09,30,30,1,FALSE,TRUE
so2,guamani,2023-03-06,2023w10,30,30,1,FALSE,TRUE
so2,guamani,2023-03-13,2023w11,20,30,0.6666666666666666,FALSE,TRUE
so2,guamani,2023-03-20,2023w12,30,30,1,FALSE,TRUE
so2,guamani,2023-03-27,2023w13,30,30,1,FALSE,TRUE
so2,guamani,2023-04-03,2023w14,26,30,0.8666666666666667,FALSE,TRUE
so2,guamani,2023-04-10,2023w15,25,30,0.8333333333333334,FALSE,TRUE
so2,guamani,2023-04-17,2023w16,30,30,1,FALSE,TRUE
so2,guamani,2023-04-24,2023w17,28,30,0.9333333333333333,FALSE,TRUE
so2,guamani,2023-05-01,2023w18,30,30,1,FALSE,TRUE
so2,guamani,2023-05-08,2023w19,30,30,1,FALSE,TRUE
so2,guamani,2023-05-15,2023w20,28,30,0.9333333333333333,FALSE,TRUE
so2,guamani,2023-05-22,2023w21,30,30,1,FALSE,TRUE
so2,guamani,2023-05-29,2023w22,29,30,0.9666666666666667,FALSE,TRUE
so2,guamani,2023-06-05,2023w23,30,30,1,FALSE,TRUE
so2,guamani,2023-06-12,2023w24,30,30,1,FALSE,TRUE
so2,guamani,2023-06-19,2023w25,30,30,1,FALSE,TRUE
so2,guamani,2023-06-26,2023w26,30,30,1,FALSE,TRUE
so2,guamani,2023-07-03,2023w27,30,30,1,FALSE,TRUE
so2,guamani,2023-07-10,2023w28,30,30,1,FALSE,TRUE
so2,guamani,2023-07-17,2023w29,30,30,1,FALSE,TRUE
so2,guamani,2023-07-24,2023w30,30,30,1,FALSE,TRUE
so2,guamani,2023-07-31,2023w31,29,30,0.9666666666666667,FALSE,TRUE
so2,guamani,2023-08-07,2023w32,30,30,1,FALSE,TRUE
so2,guamani,2023-08-14,2023w33,30,30,1,FALSE,TRUE
so2,guamani,2023-08-21,2023w34,28,30,0.9333333333333333,FALSE,TRUE
so2,guamani,2023-08-28,2023w35,30,30,1,FALSE,TRUE
so2,guamani,2023-09-04,2023w36,30,30,1,FALSE,TRUE
so2,guamani,2023-09-11,2023w37,30,30,1,FALSE,TRUE
so2,guamani,2023-09-18,2023w38,30,30,1,FALSE,TRUE
so2,guamani,2023-09-25,2023w39,30,30,1,FALSE,TRUE
so2,guamani,2023-10-02,2023w40,29,30,0.9666666666666667,FALSE,TRUE
so2,guamani,2023-10-09,2023w41,30,30,1,FALSE,TRUE
so2,guamani,2023-10-16,2023w42,28,30,0.9333333333333333,FALSE,TRUE
so2,guamani,2023-10-23,2023w43,28,30,0.9333333333333333,FALSE,TRUE
so2,guamani,2023-10-30,2023w44,24,30,0.8,FALSE,TRUE
so2,guamani,2023-11-06,2023w45,16,30,0.5333333333333333,FALSE,TRUE
so2,guamani,2023-11-13,2023w46,21,30,0.7,FALSE,TRUE
so2,guamani,2023-11-20,2023w47,24,30,0.8,FALSE,TRUE
so2,guamani,2023-11-27,2023w48,21,30,0.7,FALSE,TRUE
so2,guamani,2023-12-04,2023w49,20,30,0.6666666666666666,FALSE,TRUE
so2,guamani,2023-12-11,2023w50,15,30,0.5,FALSE,TRUE
so2,guamani,2023-12-18,2023w51,30,30,1,FALSE,TRUE
so2,guamani,2023-12-25,2023w52,30,30,1,FALSE,TRUE
so2,guamani,2024-01-01,2024w01,30,30,1,FALSE,TRUE
so2,guamani,2024-01-08,2024w02,30,30,1,FALSE,TRUE
so2,guamani,2024-01-15,2024w03,30,30,1,FALSE,TRUE
so2,guamani,2024-01-22,2024w04,30,30,1,FALSE,TRUE
so2,guamani,2024-01-29,2024w05,30,30,1,FALSE,TRUE
so2,guamani,2024-02-05,2024w06,30,30,1,FALSE,TRUE
so2,guamani,2024-02-12,2024w07,30,30,1,FALSE,TRUE
so2,guamani,2024-02-19,2024w08,30,30,1,FALSE,TRUE
so2,guamani,2024-02-26,2024w09,30,30,1,FALSE,TRUE
so2,guamani,2024-03-04,2024w10,30,30,1,FALSE,TRUE
so2,guamani,2024-03-11,2024w11,29,30,0.9666666666666667,FALSE,TRUE
so2,guamani,2024-03-18,2024w12,27,30,0.9,FALSE,TRUE
so2,guamani,2024-03-25,2024w13,28,30,0.9333333333333333,FALSE,TRUE
so2,guamani,2024-04-01,2024w14,25,30,0.8333333333333334,FALSE,TRUE
so2,guamani,2024-04-08,2024w15,28,30,0.9333333333333333,FALSE,TRUE
so2,guamani,2024-04-15,2024w16,11,30,0.36666666666666664,FALSE,TRUE
so2,guamani,2024-04-22,2024w17,15,30,0.5,FALSE,TRUE
so2,guamani,2024-04-29,2024w18,29,30,0.9666666666666667,FALSE,TRUE
so2,guamani,2024-05-06,2024w19,30,30,1,FALSE,TRUE
so2,guamani,2024-05-13,2024w20,29,30,0.9666666666666667,FALSE,TRUE
so2,guamani,2024-05-20,2024w21,30,30,1,FALSE,TRUE
so2,guamani,2024-05-27,2024w22,30,30,1,FALSE,TRUE
so2,guamani,2024-06-03,2024w23,30,30,1,FALSE,TRUE
so2,guamani,2024-06-10,2024w24,30,30,1,FALSE,TRUE
so2,guamani,2024-06-17,2024w25,30,30,1,FALSE,TRUE
so2,guamani,2024-06-24,2024w26,23,30,0.7666666666666667,FALSE,TRUE
so2,guamani,2024-07-01,2024w27,26,30,0.8666666666666667,FALSE,TRUE
so2,guamani,2024-07-08,2024w28,30,30,1,FALSE,TRUE
so2,guamani,2024-07-15,2024w29,30,30,1,FALSE,TRUE
so2,guamani,2024-07-22,2024w30,30,30,1,FALSE,TRUE
so2,guamani,2024-07-29,2024w31,30,30,1,FALSE,TRUE
so2,guamani,2024-08-05,2024w32,30,30,1,FALSE,TRUE
so2,guamani,2024-08-12,2024w33,30,30,1,FALSE,TRUE
so2,guamani,2024-08-19,2024w34,30,30,1,FALSE,TRUE
so2,guamani,2024-08-26,2024w35,29,30,0.9666666666666667,FALSE,TRUE
so2,guamani,2024-09-02,2024w36,30,30,1,FALSE,TRUE
so2,guamani,2024-09-09,2024w37,28,30,0.9333333333333333,FALSE,TRUE
so2,guamani,2024-09-16,2024w38,20,30,0.6666666666666666,FALSE,TRUE
so2,guamani,2024-09-23,2024w39,19,30,0.6333333333333333,FALSE,TRUE
so2,guamani,2024-09-30,2024w40,9,30,0.3,FALSE,TRUE
so2,guamani,2024-10-07,2024w41,13,30,0.43333333333333335,FALSE,TRUE
so2,guamani,2024-10-14,2024w42,26,30,0.8666666666666667,FALSE,TRUE
so2,guamani,2024-10-21,2024w43,27,30,0.9,FALSE,TRUE
so2,guamani,2024-10-28,2024w44,7,30,0.23333333333333334,FALSE,TRUE
so2,guamani,2024-11-04,2024w45,16,30,0.5333333333333333,FALSE,TRUE
so2,guamani,2024-11-11,2024w46,0,30,0,TRUE,TRUE
so2,guamani,2024-11-18,2024w47,20,30,0.6666666666666666,FALSE,TRUE
so2,guamani,2024-11-25,2024w48,25,30,0.8333333333333334,FALSE,TRUE
so2,guamani,2024-12-02,2024w49,26,30,0.8666666666666667,FALSE,TRUE
so2,guamani,2024-12-09,2024w50,30,30,1,FALSE,TRUE
so2,guamani,2024-12-16,2024w51,28,30,0.9333333333333333,FALSE,TRUE
so2,guamani,2024-12-23,2024w52,30,30,1,FALSE,TRUE
so2,guamani,2024-12-30,2024w01,30,30,1,FALSE,TRUE
so2,guamani,2025-01-06,2025w02,30,30,1,FALSE,TRUE
so2,guamani,2025-01-13,2025w03,30,30,1,FALSE,TRUE
so2,guamani,2025-01-20,2025w04,30,30,1,FALSE,TRUE
so2,guamani,2025-01-27,2025w05,30,30,1,FALSE,TRUE
so2,guamani,2025-02-03,2025w06,30,30,1,FALSE,TRUE
so2,guamani,2025-02-10,2025w07,30,30,1,FALSE,TRUE
so2,guamani,2025-02-17,2025w08,28,30,0.9333333333333333,FALSE,TRUE
so2,guamani,2025-02-24,2025w09,28,30,0.9333333333333333,FALSE,TRUE
so2,guamani,2025-03-03,2025w10,30,30,1,FALSE,TRUE
so2,guamani,2025-03-10,2025w11,28,30,0.9333333333333333,FALSE,TRUE
so2,guamani,2025-03-17,2025w12,28,30,0.9333333333333333,FALSE,TRUE
so2,guamani,2025-03-24,2025w13,30,30,1,FALSE,TRUE
so2,guamani,2025-03-31,2025w14,30,30,1,FALSE,TRUE
so2,guamani,2025-04-07,2025w15,30,30,1,FALSE,TRUE
so2,guamani,2025-04-14,2025w16,30,30,1,FALSE,TRUE
so2,guamani,2025-04-21,2025w17,30,30,1,FALSE,TRUE
so2,guamani,2025-04-28,2025w18,30,30,1,FALSE,TRUE
so2,guamani,2025-05-05,2025w19,30,30,1,FALSE,TRUE
so2,guamani,2025-05-12,2025w20,30,30,1,FALSE,TRUE
so2,guamani,2025-05-19,2025w21,30,30,1,FALSE,TRUE
so2,guamani,2025-05-26,2025w22,30,30,1,FALSE,TRUE
so2,guamani,2025-06-02,2025w23,30,30,1,FALSE,TRUE
so2,guamani,2025-06-09,2025w24,30,30,1,FALSE,TRUE
so2,guamani,2025-06-16,2025w25,8,30,0.26666666666666666,FALSE,TRUE
so2,loschillos,2022-11-28,2022w48,10,12,0.8333333333333334,FALSE,TRUE
so2,loschillos,2022-12-05,2022w49,27,30,0.9,FALSE,TRUE
so2,loschillos,2022-12-12,2022w50,24,30,0.8,FALSE,TRUE
so2,loschillos,2022-12-19,2022w51,30,30,1,FALSE,TRUE
so2,loschillos,2022-12-26,2022w52,28,30,0.9333333333333333,FALSE,TRUE
so2,loschillos,2023-01-02,2023w01,29,30,0.9666666666666667,FALSE,TRUE
so2,loschillos,2023-01-09,2023w02,30,30,1,FALSE,TRUE
so2,loschillos,2023-01-16,2023w03,27,30,0.9,FALSE,TRUE
so2,loschillos,2023-01-23,2023w04,29,30,0.9666666666666667,FALSE,TRUE
so2,loschillos,2023-01-30,2023w05,26,30,0.8666666666666667,FALSE,TRUE
so2,loschillos,2023-02-06,2023w06,24,30,0.8,FALSE,TRUE
so2,loschillos,2023-02-13,2023w07,25,30,0.8333333333333334,FALSE,TRUE
so2,loschillos,2023-02-20,2023w08,26,30,0.8666666666666667,FALSE,TRUE
so2,loschillos,2023-02-27,2023w09,28,30,0.9333333333333333,FALSE,TRUE
so2,loschillos,2023-03-06,2023w10,30,30,1,FALSE,TRUE
so2,loschillos,2023-03-13,2023w11,28,30,0.9333333333333333,FALSE,TRUE
so2,loschillos,2023-03-20,2023w12,30,30,1,FALSE,TRUE
so2,loschillos,2023-03-27,2023w13,30,30,1,FALSE,TRUE
so2,loschillos,2023-04-03,2023w14,30,30,1,FALSE,TRUE
so2,loschillos,2023-04-10,2023w15,30,30,1,FALSE,TRUE
so2,loschillos,2023-04-17,2023w16,30,30,1,FALSE,TRUE
so2,loschillos,2023-04-24,2023w17,30,30,1,FALSE,TRUE
so2,loschillos,2023-05-01,2023w18,30,30,1,FALSE,TRUE
so2,loschillos,2023-05-08,2023w19,30,30,1,FALSE,TRUE
so2,loschillos,2023-05-15,2023w20,30,30,1,FALSE,TRUE
so2,loschillos,2023-05-22,2023w21,29,30,0.9666666666666667,FALSE,TRUE
so2,loschillos,2023-05-29,2023w22,30,30,1,FALSE,TRUE
so2,loschillos,2023-06-05,2023w23,29,30,0.9666666666666667,FALSE,TRUE
so2,loschillos,2023-06-12,2023w24,30,30,1,FALSE,TRUE
so2,loschillos,2023-06-19,2023w25,30,30,1,FALSE,TRUE
so2,loschillos,2023-06-26,2023w26,30,30,1,FALSE,TRUE
so2,loschillos,2023-07-03,2023w27,30,30,1,FALSE,TRUE
so2,loschillos,2023-07-10,2023w28,28,30,0.9333333333333333,FALSE,TRUE
so2,loschillos,2023-07-17,2023w29,27,30,0.9,FALSE,TRUE
so2,loschillos,2023-07-24,2023w30,30,30,1,FALSE,TRUE
so2,loschillos,2023-07-31,2023w31,30,30,1,FALSE,TRUE
so2,loschillos,2023-08-07,2023w32,30,30,1,FALSE,TRUE
so2,loschillos,2023-08-14,2023w33,29,30,0.9666666666666667,FALSE,TRUE
so2,loschillos,2023-08-21,2023w34,30,30,1,FALSE,TRUE
so2,loschillos,2023-08-28,2023w35,30,30,1,FALSE,TRUE
so2,loschillos,2023-09-04,2023w36,25,30,0.8333333333333334,FALSE,TRUE
so2,loschillos,2023-09-11,2023w37,28,30,0.9333333333333333,FALSE,TRUE
so2,loschillos,2023-09-18,2023w38,29,30,0.9666666666666667,FALSE,TRUE
so2,loschillos,2023-09-25,2023w39,28,30,0.9333333333333333,FALSE,TRUE
so2,loschillos,2023-10-02,2023w40,28,30,0.9333333333333333,FALSE,TRUE
so2,loschillos,2023-10-09,2023w41,25,30,0.8333333333333334,FALSE,TRUE
so2,loschillos,2023-10-16,2023w42,19,30,0.6333333333333333,FALSE,TRUE
so2,loschillos,2023-10-23,2023w43,26,30,0.8666666666666667,FALSE,TRUE
so2,loschillos,2023-10-30,2023w44,26,30,0.8666666666666667,FALSE,TRUE
so2,loschillos,2023-11-06,2023w45,27,30,0.9,FALSE,TRUE
so2,loschillos,2023-11-13,2023w46,29,30,0.9666666666666667,FALSE,TRUE
so2,loschillos,2023-11-20,2023w47,30,30,1,FALSE,TRUE
so2,loschillos,2023-11-27,2023w48,24,30,0.8,FALSE,TRUE
so2,loschillos,2023-12-04,2023w49,27,30,0.9,FALSE,TRUE
so2,loschillos,2023-12-11,2023w50,23,30,0.7666666666666667,FALSE,TRUE
so2,loschillos,2023-12-18,2023w51,28,30,0.9333333333333333,FALSE,TRUE
so2,loschillos,2023-12-25,2023w52,24,30,0.8,FALSE,TRUE
so2,loschillos,2024-01-01,2024w01,29,30,0.9666666666666667,FALSE,TRUE
so2,loschillos,2024-01-08,2024w02,29,30,0.9666666666666667,FALSE,TRUE
so2,loschillos,2024-01-15,2024w03,28,30,0.9333333333333333,FALSE,TRUE
so2,loschillos,2024-01-22,2024w04,30,30,1,FALSE,TRUE
so2,loschillos,2024-01-29,2024w05,28,30,0.9333333333333333,FALSE,TRUE
so2,loschillos,2024-02-05,2024w06,29,30,0.9666666666666667,FALSE,TRUE
so2,loschillos,2024-02-12,2024w07,28,30,0.9333333333333333,FALSE,TRUE
so2,loschillos,2024-02-19,2024w08,30,30,1,FALSE,TRUE
so2,loschillos,2024-02-26,2024w09,27,30,0.9,FALSE,TRUE
so2,loschillos,2024-03-04,2024w10,30,30,1,FALSE,TRUE
so2,loschillos,2024-03-11,2024w11,29,30,0.9666666666666667,FALSE,TRUE
so2,loschillos,2024-03-18,2024w12,29,30,0.9666666666666667,FALSE,TRUE
so2,loschillos,2024-03-25,2024w13,26,30,0.8666666666666667,FALSE,TRUE
so2,loschillos,2024-04-01,2024w14,30,30,1,FALSE,TRUE
so2,loschillos,2024-04-08,2024w15,25,30,0.8333333333333334,FALSE,TRUE
so2,loschillos,2024-04-15,2024w16,23,30,0.7666666666666667,FALSE,TRUE
so2,loschillos,2024-04-22,2024w17,21,30,0.7,FALSE,TRUE
so2,loschillos,2024-04-29,2024w18,30,30,1,FALSE,TRUE
so2,loschillos,2024-05-06,2024w19,28,30,0.9333333333333333,FALSE,TRUE
so2,loschillos,2024-05-13,2024w20,27,30,0.9,FALSE,TRUE
so2,loschillos,2024-05-20,2024w21,27,30,0.9,FALSE,TRUE
so2,loschillos,2024-05-27,2024w22,29,30,0.9666666666666667,FALSE,TRUE
so2,loschillos,2024-06-03,2024w23,30,30,1,FALSE,TRUE
so2,loschillos,2024-06-10,2024w24,30,30,1,FALSE,TRUE
so2,loschillos,2024-06-17,2024w25,30,30,1,FALSE,TRUE
so2,loschillos,2024-06-24,2024w26,30,30,1,FALSE,TRUE
so2,loschillos,2024-07-01,2024w27,28,30,0.9333333333333333,FALSE,TRUE
so2,loschillos,2024-07-08,2024w28,29,30,0.9666666666666667,FALSE,TRUE
so2,loschillos,2024-07-15,2024w29,30,30,1,FALSE,TRUE
so2,loschillos,2024-07-22,2024w30,24,30,0.8,FALSE,TRUE
so2,loschillos,2024-07-29,2024w31,29,30,0.9666666666666667,FALSE,TRUE
so2,loschillos,2024-08-05,2024w32,27,30,0.9,FALSE,TRUE
so2,loschillos,2024-08-12,2024w33,26,30,0.8666666666666667,FALSE,TRUE
so2,loschillos,2024-08-19,2024w34,30,30,1,FALSE,TRUE
so2,loschillos,2024-08-26,2024w35,30,30,1,FALSE,TRUE
so2,loschillos,2024-09-02,2024w36,27,30,0.9,FALSE,TRUE
so2,loschillos,2024-09-09,2024w37,24,30,0.8,FALSE,TRUE
so2,loschillos,2024-09-16,2024w38,27,30,0.9,FALSE,TRUE
so2,loschillos,2024-09-23,2024w39,22,30,0.7333333333333333,FALSE,TRUE
so2,loschillos,2024-09-30,2024w40,11,30,0.36666666666666664,FALSE,TRUE
so2,loschillos,2024-10-07,2024w41,10,30,0.3333333333333333,FALSE,TRUE
so2,loschillos,2024-10-14,2024w42,30,30,1,FALSE,TRUE
so2,loschillos,2024-10-21,2024w43,10,30,0.3333333333333333,FALSE,TRUE
so2,loschillos,2024-10-28,2024w44,17,30,0.5666666666666667,FALSE,TRUE
so2,loschillos,2024-11-04,2024w45,20,30,0.6666666666666666,FALSE,TRUE
so2,loschillos,2024-11-11,2024w46,17,30,0.5666666666666667,FALSE,TRUE
so2,loschillos,2024-11-18,2024w47,0,30,0,TRUE,TRUE
so2,loschillos,2024-11-25,2024w48,15,30,0.5,FALSE,TRUE
so2,loschillos,2024-12-02,2024w49,20,30,0.6666666666666666,FALSE,TRUE
so2,loschillos,2024-12-09,2024w50,12,30,0.4,FALSE,TRUE
so2,loschillos,2024-12-16,2024w51,28,30,0.9333333333333333,FALSE,TRUE
so2,loschillos,2024-12-23,2024w52,23,30,0.7666666666666667,FALSE,TRUE
so2,loschillos,2024-12-30,2024w01,29,30,0.9666666666666667,FALSE,TRUE
so2,loschillos,2025-01-06,2025w02,30,30,1,FALSE,TRUE
so2,loschillos,2025-01-13,2025w03,30,30,1,FALSE,TRUE
so2,loschillos,2025-01-20,2025w04,30,30,1,FALSE,TRUE
so2,loschillos,2025-01-27,2025w05,28,30,0.9333333333333333,FALSE,TRUE
so2,loschillos,2025-02-03,2025w06,27,30,0.9,FALSE,TRUE
so2,loschillos,2025-02-10,2025w07,9,30,0.3,FALSE,TRUE
so2,loschillos,2025-02-17,2025w08,15,30,0.5,FALSE,TRUE
so2,loschillos,2025-02-24,2025w09,30,30,1,FALSE,TRUE
so2,loschillos,2025-03-03,2025w10,27,30,0.9,FALSE,TRUE
so2,loschillos,2025-03-10,2025w11,0,30,0,TRUE,TRUE
so2,loschillos,2025-03-17,2025w12,0,30,0,TRUE,TRUE
so2,loschillos,2025-03-24,2025w13,15,30,0.5,FALSE,TRUE
so2,loschillos,2025-03-31,2025w14,27,30,0.9,FALSE,TRUE
so2,loschillos,2025-04-07,2025w15,30,30,1,FALSE,TRUE
so2,loschillos,2025-04-14,2025w16,30,30,1,FALSE,TRUE
so2,loschillos,2025-04-21,2025w17,30,30,1,FALSE,TRUE
so2,loschillos,2025-04-28,2025w18,30,30,1,FALSE,TRUE
so2,loschillos,2025-05-05,2025w19,30,30,1,FALSE,TRUE
so2,loschillos,2025-05-12,2025w20,30,30,1,FALSE,TRUE
so2,loschillos,2025-05-19,2025w21,30,30,1,FALSE,TRUE
so2,loschillos,2025-05-26,2025w22,30,30,1,FALSE,TRUE
so2,loschillos,2025-06-02,2025w23,30,30,1,FALSE,TRUE
so2,loschillos,2025-06-09,2025w24,23,30,0.7666666666666667,FALSE,TRUE
so2,loschillos,2025-06-16,2025w25,30,30,1,FALSE,TRUE
so2,tumbaco,2022-11-28,2022w48,12,12,1,FALSE,TRUE
so2,tumbaco,2022-12-05,2022w49,23,30,0.7666666666666667,FALSE,TRUE
so2,tumbaco,2022-12-12,2022w50,29,30,0.9666666666666667,FALSE,TRUE
so2,tumbaco,2022-12-19,2022w51,21,30,0.7,FALSE,TRUE
so2,tumbaco,2022-12-26,2022w52,29,30,0.9666666666666667,FALSE,TRUE
so2,tumbaco,2023-01-02,2023w01,26,30,0.8666666666666667,FALSE,TRUE
so2,tumbaco,2023-01-09,2023w02,29,30,0.9666666666666667,FALSE,TRUE
so2,tumbaco,2023-01-16,2023w03,30,30,1,FALSE,TRUE
so2,tumbaco,2023-01-23,2023w04,23,30,0.7666666666666667,FALSE,TRUE
so2,tumbaco,2023-01-30,2023w05,26,30,0.8666666666666667,FALSE,TRUE
so2,tumbaco,2023-02-06,2023w06,30,30,1,FALSE,TRUE
so2,tumbaco,2023-02-13,2023w07,29,30,0.9666666666666667,FALSE,TRUE
so2,tumbaco,2023-02-20,2023w08,30,30,1,FALSE,TRUE
so2,tumbaco,2023-02-27,2023w09,27,30,0.9,FALSE,TRUE
so2,tumbaco,2023-03-06,2023w10,30,30,1,FALSE,TRUE
so2,tumbaco,2023-03-13,2023w11,28,30,0.9333333333333333,FALSE,TRUE
so2,tumbaco,2023-03-20,2023w12,26,30,0.8666666666666667,FALSE,TRUE
so2,tumbaco,2023-03-27,2023w13,30,30,1,FALSE,TRUE
so2,tumbaco,2023-04-03,2023w14,29,30,0.9666666666666667,FALSE,TRUE
so2,tumbaco,2023-04-10,2023w15,30,30,1,FALSE,TRUE
so2,tumbaco,2023-04-17,2023w16,27,30,0.9,FALSE,TRUE
so2,tumbaco,2023-04-24,2023w17,29,30,0.9666666666666667,FALSE,TRUE
so2,tumbaco,2023-05-01,2023w18,30,30,1,FALSE,TRUE
so2,tumbaco,2023-05-08,2023w19,28,30,0.9333333333333333,FALSE,TRUE
so2,tumbaco,2023-05-15,2023w20,25,30,0.8333333333333334,FALSE,TRUE
so2,tumbaco,2023-05-22,2023w21,29,30,0.9666666666666667,FALSE,TRUE
so2,tumbaco,2023-05-29,2023w22,25,30,0.8333333333333334,FALSE,TRUE
so2,tumbaco,2023-06-05,2023w23,26,30,0.8666666666666667,FALSE,TRUE
so2,tumbaco,2023-06-12,2023w24,30,30,1,FALSE,TRUE
so2,tumbaco,2023-06-19,2023w25,30,30,1,FALSE,TRUE
so2,tumbaco,2023-06-26,2023w26,26,30,0.8666666666666667,FALSE,TRUE
so2,tumbaco,2023-07-03,2023w27,23,30,0.7666666666666667,FALSE,TRUE
so2,tumbaco,2023-07-10,2023w28,30,30,1,FALSE,TRUE
so2,tumbaco,2023-07-17,2023w29,30,30,1,FALSE,TRUE
so2,tumbaco,2023-07-24,2023w30,29,30,0.9666666666666667,FALSE,TRUE
so2,tumbaco,2023-07-31,2023w31,29,30,0.9666666666666667,FALSE,TRUE
so2,tumbaco,2023-08-07,2023w32,30,30,1,FALSE,TRUE
so2,tumbaco,2023-08-14,2023w33,30,30,1,FALSE,TRUE
so2,tumbaco,2023-08-21,2023w34,30,30,1,FALSE,TRUE
so2,tumbaco,2023-08-28,2023w35,26,30,0.8666666666666667,FALSE,TRUE
so2,tumbaco,2023-09-04,2023w36,24,30,0.8,FALSE,TRUE
so2,tumbaco,2023-09-11,2023w37,24,30,0.8,FALSE,TRUE
so2,tumbaco,2023-09-18,2023w38,20,30,0.6666666666666666,FALSE,TRUE
so2,tumbaco,2023-09-25,2023w39,19,30,0.6333333333333333,FALSE,TRUE
so2,tumbaco,2023-10-02,2023w40,24,30,0.8,FALSE,TRUE
so2,tumbaco,2023-10-09,2023w41,23,30,0.7666666666666667,FALSE,TRUE
so2,tumbaco,2023-10-16,2023w42,24,30,0.8,FALSE,TRUE
so2,tumbaco,2023-10-23,2023w43,30,30,1,FALSE,TRUE
so2,tumbaco,2023-10-30,2023w44,21,30,0.7,FALSE,TRUE
so2,tumbaco,2023-11-06,2023w45,15,30,0.5,FALSE,TRUE
so2,tumbaco,2023-11-13,2023w46,24,30,0.8,FALSE,TRUE
so2,tumbaco,2023-11-20,2023w47,19,30,0.6333333333333333,FALSE,TRUE
so2,tumbaco,2023-11-27,2023w48,11,30,0.36666666666666664,FALSE,TRUE
so2,tumbaco,2023-12-04,2023w49,15,30,0.5,FALSE,TRUE
so2,tumbaco,2023-12-11,2023w50,24,30,0.8,FALSE,TRUE
so2,tumbaco,2023-12-18,2023w51,27,30,0.9,FALSE,TRUE
so2,tumbaco,2023-12-25,2023w52,30,30,1,FALSE,TRUE
so2,tumbaco,2024-01-01,2024w01,30,30,1,FALSE,TRUE
so2,tumbaco,2024-01-08,2024w02,28,30,0.9333333333333333,FALSE,TRUE
so2,tumbaco,2024-01-15,2024w03,27,30,0.9,FALSE,TRUE
so2,tumbaco,2024-01-22,2024w04,30,30,1,FALSE,TRUE
so2,tumbaco,2024-01-29,2024w05,21,30,0.7,FALSE,TRUE
so2,tumbaco,2024-02-05,2024w06,27,30,0.9,FALSE,TRUE
so2,tumbaco,2024-02-12,2024w07,30,30,1,FALSE,TRUE
so2,tumbaco,2024-02-19,2024w08,30,30,1,FALSE,TRUE
so2,tumbaco,2024-02-26,2024w09,25,30,0.8333333333333334,FALSE,TRUE
so2,tumbaco,2024-03-04,2024w10,30,30,1,FALSE,TRUE
so2,tumbaco,2024-03-11,2024w11,28,30,0.9333333333333333,FALSE,TRUE
so2,tumbaco,2024-03-18,2024w12,23,30,0.7666666666666667,FALSE,TRUE
so2,tumbaco,2024-03-25,2024w13,25,30,0.8333333333333334,FALSE,TRUE
so2,tumbaco,2024-04-01,2024w14,28,30,0.9333333333333333,FALSE,TRUE
so2,tumbaco,2024-04-08,2024w15,22,30,0.7333333333333333,FALSE,TRUE
so2,tumbaco,2024-04-15,2024w16,20,30,0.6666666666666666,FALSE,TRUE
so2,tumbaco,2024-04-22,2024w17,24,30,0.8,FALSE,TRUE
so2,tumbaco,2024-04-29,2024w18,22,30,0.7333333333333333,FALSE,TRUE
so2,tumbaco,2024-05-06,2024w19,23,30,0.7666666666666667,FALSE,TRUE
so2,tumbaco,2024-05-13,2024w20,24,30,0.8,FALSE,TRUE
so2,tumbaco,2024-05-20,2024w21,29,30,0.9666666666666667,FALSE,TRUE
so2,tumbaco,2024-05-27,2024w22,30,30,1,FALSE,TRUE
so2,tumbaco,2024-06-03,2024w23,29,30,0.9666666666666667,FALSE,TRUE
so2,tumbaco,2024-06-10,2024w24,30,30,1,FALSE,TRUE
so2,tumbaco,2024-06-17,2024w25,28,30,0.9333333333333333,FALSE,TRUE
so2,tumbaco,2024-06-24,2024w26,30,30,1,FALSE,TRUE
so2,tumbaco,2024-07-01,2024w27,30,30,1,FALSE,TRUE
so2,tumbaco,2024-07-08,2024w28,30,30,1,FALSE,TRUE
so2,tumbaco,2024-07-15,2024w29,30,30,1,FALSE,TRUE
so2,tumbaco,2024-07-22,2024w30,27,30,0.9,FALSE,TRUE
so2,tumbaco,2024-07-29,2024w31,26,30,0.8666666666666667,FALSE,TRUE
so2,tumbaco,2024-08-05,2024w32,22,30,0.7333333333333333,FALSE,TRUE
so2,tumbaco,2024-08-12,2024w33,18,30,0.6,FALSE,TRUE
so2,tumbaco,2024-08-19,2024w34,18,30,0.6,FALSE,TRUE
so2,tumbaco,2024-08-26,2024w35,27,30,0.9,FALSE,TRUE
so2,tumbaco,2024-09-02,2024w36,28,30,0.9333333333333333,FALSE,TRUE
so2,tumbaco,2024-09-09,2024w37,24,30,0.8,FALSE,TRUE
so2,tumbaco,2024-09-16,2024w38,28,30,0.9333333333333333,FALSE,TRUE
so2,tumbaco,2024-09-23,2024w39,16,30,0.5333333333333333,FALSE,TRUE
so2,tumbaco,2024-09-30,2024w40,19,30,0.6333333333333333,FALSE,TRUE
so2,tumbaco,2024-10-07,2024w41,21,30,0.7,FALSE,TRUE
so2,tumbaco,2024-10-14,2024w42,0,30,0,TRUE,TRUE
so2,tumbaco,2024-10-21,2024w43,17,30,0.5666666666666667,FALSE,TRUE
so2,tumbaco,2024-10-28,2024w44,11,30,0.36666666666666664,FALSE,TRUE
so2,tumbaco,2024-11-04,2024w45,18,30,0.6,FALSE,TRUE
so2,tumbaco,2024-11-11,2024w46,18,30,0.6,FALSE,TRUE
so2,tumbaco,2024-11-18,2024w47,0,30,0,TRUE,TRUE
so2,tumbaco,2024-11-25,2024w48,15,30,0.5,FALSE,TRUE
so2,tumbaco,2024-12-02,2024w49,26,30,0.8666666666666667,FALSE,TRUE
so2,tumbaco,2024-12-09,2024w50,16,30,0.5333333333333333,FALSE,TRUE
so2,tumbaco,2024-12-16,2024w51,27,30,0.9,FALSE,TRUE
so2,tumbaco,2024-12-23,2024w52,22,30,0.7333333333333333,FALSE,TRUE
so2,tumbaco,2024-12-30,2024w01,30,30,1,FALSE,TRUE
so2,tumbaco,2025-01-06,2025w02,30,30,1,FALSE,TRUE
so2,tumbaco,2025-01-13,2025w03,30,30,1,FALSE,TRUE
so2,tumbaco,2025-01-20,2025w04,30,30,1,FALSE,TRUE
so2,tumbaco,2025-01-27,2025w05,30,30,1,FALSE,TRUE
so2,tumbaco,2025-02-03,2025w06,30,30,1,FALSE,TRUE
so2,tumbaco,2025-02-10,2025w07,30,30,1,FALSE,TRUE
so2,tumbaco,2025-02-17,2025w08,30,30,1,FALSE,TRUE
so2,tumbaco,2025-02-24,2025w09,30,30,1,FALSE,TRUE
so2,tumbaco,2025-03-03,2025w10,30,30,1,FALSE,TRUE
so2,tumbaco,2025-03-10,2025w11,30,30,1,FALSE,TRUE
so2,tumbaco,2025-03-17,2025w12,30,30,1,FALSE,TRUE
so2,tumbaco,2025-03-24,2025w13,28,30,0.9333333333333333,FALSE,TRUE
so2,tumbaco,2025-03-31,2025w14,30,30,1,FALSE,TRUE
so2,tumbaco,2025-04-07,2025w15,30,30,1,FALSE,TRUE
so2,tumbaco,2025-04-14,2025w16,30,30,1,FALSE,TRUE
so2,tumbaco,2025-04-21,2025w17,30,30,1,FALSE,TRUE
so2,tumbaco,2025-04-28,2025w18,30,30,1,FALSE,TRUE
so2,tumbaco,2025-05-05,2025w19,28,30,0.9333333333333333,FALSE,TRUE
so2,tumbaco,2025-05-12,2025w20,30,30,1,FALSE,TRUE
so2,tumbaco,2025-05-19,2025w21,30,30,1,FALSE,TRUE
so2,tumbaco,2025-05-26,2025w22,30,30,1,FALSE,TRUE
so2,tumbaco,2025-06-02,2025w23,30,30,1,FALSE,TRUE
so2,tumbaco,2025-06-09,2025w24,30,30,1,FALSE,TRUE
so2,tumbaco,2025-06-16,2025w25,30,30,1,FALSE,TRUE
