sample,station,dist_corridor_km,att_log,att_pct,conf_p,p_source,rmspe_pre,rmspe_post,ratio,included_2x,included_5x,donor_weights
donut,tumbaco,16.65,-0.27633935092507955,-24.144452942162843,0,noFE,0.158108441979889,0.36574592175105775,2.313259919401266,TRUE,TRUE,belisario:-0.1021;carapungo:-0.1390;centro:-0.1403;cotocollao:0.1404;guamani:-0.0571;loschillos:1.1514;sanantonio:0.1468
donut,loschillos,8.618,0.11550962289196423,12.244531566631856,0.012,noFE,0.10271780874972812,0.24075151923750845,2.3438147889632206,TRUE,TRUE,belisario:0.2575;carapungo:0.0832;centro:0.0674;cotocollao:-0.0061;guamani:-0.0005;sanantonio:-0.0100;tumbaco:0.6086
donut,cotocollao,5.212,0.045464095328230016,4.651342921820767,0.096,noFE,0.08731660159811067,0.16255062061722964,1.861623306933041,TRUE,TRUE,belisario:0.0691;carapungo:0.2478;centro:0.1376;guamani:0.2372;loschillos:-0.0053;sanantonio:0.0450;tumbaco:0.2685
donut,centro,0.61,-0.12538720998543362,-11.78447428796634,0.156,noFE,0.1322869883444756,0.22495631524069873,1.7005173226478782,TRUE,TRUE,belisario:0.9036;carapungo:0.1170;cotocollao:0.0084;guamani:-0.0045;loschillos:-0.0011;sanantonio:-0.0045;tumbaco:-0.0188
donut,guamani,4.035,-0.05816116990097187,-5.650212827643896,0.647,noFE,0.22918758037303988,0.2684818645374489,1.1714503207392442,TRUE,TRUE,belisario:0.4563;carapungo:0.0017;centro:0.0059;cotocollao:0.6021;loschillos:-0.0206;sanantonio:0.0077;tumbaco:-0.0530
donut,belisario,0.768,0.05292877189160672,5.435454276503138,0.895,noFE,0.19853000124674305,0.19916590750421712,1.0032030738602762,TRUE,TRUE,carapungo:-0.1026;cotocollao:0.5771;guamani:0.3548;loschillos:0.5485;sanantonio:-0.0220;tumbaco:-0.3558
donut,sanantonio,9.558,0.12157549096717998,12.927461274016249,0.91,noFE,0.21308518675176122,0.23000756911947948,1.0794160430655952,TRUE,TRUE,belisario:-0.0023;carapungo:0.3760;centro:-0.0067;cotocollao:0.2065;guamani:0.0918;loschillos:-0.0144;tumbaco:0.3492
donut,carapungo,7.637,-0.0538685917903931,-5.2443384960819355,1,noFE,0.2409167880960639,0.199001038214539,0.8260156537334737,TRUE,TRUE,belisario:-0.2733;centro:0.1128;cotocollao:1.1707;guamani:-0.1388;loschillos:0.2986;sanantonio:0.4455;tumbaco:-0.6155
pre_blackout,tumbaco,16.65,-0.3389304123894134,-28.746796923447604,0,noFE,0.158108441979889,0.3955050373503885,2.501479569324298,TRUE,TRUE,belisario:-0.1021;carapungo:-0.1390;centro:-0.1403;cotocollao:0.1404;guamani:-0.0571;loschillos:1.1514;sanantonio:0.1468
pre_blackout,centro,0.61,-0.10008209249542273,-9.523685927679216,0.008,noFE,0.1322869883444756,0.2421638858257129,1.830594897172484,TRUE,TRUE,belisario:0.9036;carapungo:0.1170;cotocollao:0.0084;guamani:-0.0045;loschillos:-0.0011;sanantonio:-0.0045;tumbaco:-0.0188
pre_blackout,cotocollao,5.212,0.04579737129827771,4.686226512258163,0.038,noFE,0.08731660159811067,0.17725978663518122,2.0300811459778196,TRUE,TRUE,belisario:0.0691;carapungo:0.2478;centro:0.1376;guamani:0.2372;loschillos:-0.0053;sanantonio:0.0450;tumbaco:0.2685
pre_blackout,loschillos,8.618,0.18294136704554687,20.074400284838866,0.121,noFE,0.10271780874972812,0.25797381185152746,2.511480871638145,TRUE,TRUE,belisario:0.2575;carapungo:0.0832;centro:0.0674;cotocollao:-0.0061;guamani:-0.0005;sanantonio:-0.0100;tumbaco:0.6086
pre_blackout,guamani,4.035,-0.07975359302274897,-7.665616327834823,0.448,noFE,0.22918758037303988,0.29287894610474374,1.2779005984008203,TRUE,TRUE,belisario:0.4563;carapungo:0.0017;centro:0.0059;cotocollao:0.6021;loschillos:-0.0206;sanantonio:0.0077;tumbaco:-0.0530
pre_blackout,sanantonio,9.558,0.12674858845860515,13.513159671949794,0.656,noFE,0.21308518675176122,0.24013638110270522,1.1269501402857156,TRUE,TRUE,belisario:-0.0023;carapungo:0.3760;centro:-0.0067;cotocollao:0.2065;guamani:0.0918;loschillos:-0.0144;tumbaco:0.3492
pre_blackout,belisario,0.768,-0.005201576934640676,-0.5188072158860191,0.875,noFE,0.19853000124674305,0.18909472037201322,0.9524742818945374,TRUE,TRUE,carapungo:-0.1026;cotocollao:0.5771;guamani:0.3548;loschillos:0.5485;sanantonio:-0.0220;tumbaco:-0.3558
pre_blackout,carapungo,7.637,-0.05913455186252745,-5.742006526141264,1,noFE,0.2409167880960639,0.1981719397850742,0.8225742230385975,TRUE,TRUE,belisario:-0.2733;centro:0.1128;cotocollao:1.1707;guamani:-0.1388;loschillos:0.2986;sanantonio:0.4455;tumbaco:-0.6155
