country,city,id_uc_g0,pop_total,elev_m,elev_band,subregion,rationale
Argentina,Mendoza,214,1063216.859,782.21,mid-elevation,southern_cone,"Mendoza, Argentina: Southern Cone, mid-elevation, population band 0.5–3.5M"
Argentina,Salta,526,633196.1256,1205.44,mid-elevation,southern_cone,"Salta, Argentina: Southern Cone, mid-elevation, population band 0.5–3.5M"
Argentina,La Plata,4666,762830.6605,12.92,lowland,southern_cone,"La Plata, Argentina: Southern Cone, lowland, population band 0.5–3.5M"
Argentina,San Miguel de Tucumn,1476,986266.9288,448.07,lowland,southern_cone,"San Miguel de Tucumn, Argentina: Southern Cone, lowland, population band 0.5–3.5M"
Argentina,Rosario,3547,1187381.863,24.59,lowland,southern_cone,"Rosario, Argentina: Southern Cone, lowland, population band 0.5–3.5M"
Argentina,Cordoba,2335,1468196.585,448.1,lowland,southern_cone,"Cordoba, Argentina: Southern Cone, lowland, population band 0.5–3.5M"
Bolivia,Cochabamba,666,1357547.955,2623.85,highland,andean,"Cochabamba, Bolivia: Andean, highland, population band 0.5–3.5M"
Bolivia,Santa Cruz de la Sierra,1375,2016833.232,406.36,lowland,andean,"Santa Cruz de la Sierra, Bolivia: Andean, lowland, population band 0.5–3.5M"
Bolivia,La Paz,212,2063632.692,3867.62,highland,andean,"La Paz, Bolivia: Andean, highland, population band 0.5–3.5M"
Brazil,Aracaju,8313,921331.8394,8.12,lowland,brazil,"Aracaju, Brazil: Brazil, lowland, population band 0.5–3.5M"
Brazil,Ribeirao Preto,6593,671130.7215,563.43,mid-elevation,brazil,"Ribeirao Preto, Brazil: Brazil, mid-elevation, population band 0.5–3.5M"
Brazil,Feira de Santana,8190,561529.3965,226.52,lowland,brazil,"Feira de Santana, Brazil: Brazil, lowland, population band 0.5–3.5M"
Brazil,Natal,8363,1133223.558,34.18,lowland,brazil,"Natal, Brazil: Brazil, lowland, population band 0.5–3.5M"
Brazil,Sorocaba,7052,712190.5064,600.13,mid-elevation,brazil,"Sorocaba, Brazil: Brazil, mid-elevation, population band 0.5–3.5M"
Brazil,Joo Pessoa,8403,1120243.077,31.95,lowland,brazil,"Joo Pessoa, Brazil: Brazil, lowland, population band 0.5–3.5M"
Chile,Valparaso,1162,838445.6069,144.17,lowland,southern_cone,"Valparaso, Chile: Southern Cone, lowland, population band 0.5–3.5M"
Chile,Concepcin,1668,508454.7209,19.21,lowland,southern_cone,"Concepcin, Chile: Southern Cone, lowland, population band 0.5–3.5M"
Colombia,Medelln,2676,3215457.351,1657.88,highland,andean,"Medelln, Colombia: Andean, highland, population band 0.5–3.5M"
Colombia,Barranquilla,3968,2166638.375,35.06,lowland,andean,"Barranquilla, Colombia: Andean, lowland, population band 0.5–3.5M"
Colombia,Cali,1158,2691615.942,1007.6,mid-elevation,andean,"Cali, Colombia: Andean, mid-elevation, population band 0.5–3.5M"
Colombia,Ccuta,4943,817158.1235,355.04,lowland,andean,"Ccuta, Colombia: Andean, lowland, population band 0.5–3.5M"
Colombia,Cartagena,3275,925945.2183,9.39,lowland,andean,"Cartagena, Colombia: Andean, lowland, population band 0.5–3.5M"
Colombia,Ibagu,3107,514064.1783,1114.64,mid-elevation,andean,"Ibagu, Colombia: Andean, mid-elevation, population band 0.5–3.5M"
Costa Rica,San Jos,363,2272571.519,1119.74,mid-elevation,central_america,"San Jos, Costa Rica: Central America, mid-elevation, population band 0.5–3.5M"
Cuba,Havana,367,1632771.662,41.45,lowland,caribbean,"Havana, Cuba: Caribbean, lowland, population band 0.5–3.5M"
Dominican Republic,Santiago de los Caballeros,798,678295.8372,194.85,lowland,caribbean,"Santiago de los Caballeros, Dominican Republic: Caribbean, lowland, population band 0.5–3.5M"
Ecuador,Guayaquil,792,3247674.482,17.1,lowland,andean,"Guayaquil, Ecuador: Andean, lowland, population band 0.5–3.5M"
El Salvador,San Salvador,916,1615741.491,704.02,mid-elevation,central_america,"San Salvador, El Salvador: Central America, mid-elevation, population band 0.5–3.5M"
Guatemala,Guatemala City,2089,2900618.853,1507.83,highland,central_america,"Guatemala City, Guatemala: Central America, highland, population band 0.5–3.5M"
Haiti,Port-au-Prince,1269,1733377.8,149.49,lowland,caribbean,"Port-au-Prince, Haiti: Caribbean, lowland, population band 0.5–3.5M"
Honduras,Tegucigalpa,1365,1653508.639,1093.93,mid-elevation,central_america,"Tegucigalpa, Honduras: Central America, mid-elevation, population band 0.5–3.5M"
Honduras,San Pedro Sula,511,1301567.028,69,lowland,central_america,"San Pedro Sula, Honduras: Central America, lowland, population band 0.5–3.5M"
Jamaica,Kingston,795,593374.8263,99.64,lowland,caribbean,"Kingston, Jamaica: Caribbean, lowland, population band 0.5–3.5M"
Mxico,Torren,4773,1363775.688,1127.73,mid-elevation,other,"Torren, Mxico: Other, mid-elevation, population band 0.5–3.5M"
Mxico,Puebla,5853,1949859.502,2173.91,highland,other,"Puebla, Mxico: Other, highland, population band 0.5–3.5M"
Mxico,Toluca,5243,1594046.479,2641.63,highland,other,"Toluca, Mxico: Other, highland, population band 0.5–3.5M"
Mxico,Cuernavaca,5376,866396.3467,1449.16,mid-elevation,other,"Cuernavaca, Mxico: Other, mid-elevation, population band 0.5–3.5M"
Mxico,Cancn,6959,610780.9469,7.97,lowland,other,"Cancn, Mxico: Other, lowland, population band 0.5–3.5M"
Mxico,Ciudad Jurez,5157,1214948.819,1163.07,mid-elevation,other,"Ciudad Jurez, Mxico: Other, mid-elevation, population band 0.5–3.5M"
Nicaragua,Managua,362,1436088.514,150.09,lowland,central_america,"Managua, Nicaragua: Central America, lowland, population band 0.5–3.5M"
Panama,Panama City,658,1612439.467,55.42,lowland,central_america,"Panama City, Panama: Central America, lowland, population band 0.5–3.5M"
Paraguay,Asuncion,217,1175481.866,119.28,lowland,southern_cone,"Asuncion, Paraguay: Southern Cone, lowland, population band 0.5–3.5M"
Peru,Chiclayo,1040,642224.9615,27.6,lowland,andean,"Chiclayo, Peru: Andean, lowland, population band 0.5–3.5M"
Peru,Cusco,3386,517707.4456,3417.77,highland,andean,"Cusco, Peru: Andean, highland, population band 0.5–3.5M"
Peru,Arequipa,3440,1004835.002,2453.4,highland,andean,"Arequipa, Peru: Andean, highland, population band 0.5–3.5M"
Peru,Trujillo,1156,991426.9265,77.49,lowland,andean,"Trujillo, Peru: Andean, lowland, population band 0.5–3.5M"
Puerto Rico,Bayamn [San Juan],213,748533.7858,32.99,lowland,caribbean,"Bayamn [San Juan], Puerto Rico: Caribbean, lowland, population band 0.5–3.5M"
Uruguay,Montevideo,804,1219221.866,26.92,lowland,southern_cone,"Montevideo, Uruguay: Southern Cone, lowland, population band 0.5–3.5M"
Venezuela,Maracaibo,1268,2142105.375,31.13,lowland,andean,"Maracaibo, Venezuela: Andean, lowland, population band 0.5–3.5M"
Venezuela,Ciudad Guayana,4591,551960.1056,86.27,lowland,andean,"Ciudad Guayana, Venezuela: Andean, lowland, population band 0.5–3.5M"
Venezuela,Barquisimeto,2614,853705.7149,603.99,mid-elevation,andean,"Barquisimeto, Venezuela: Andean, mid-elevation, population band 0.5–3.5M"
Venezuela,Valencia,3109,1601248.835,476.33,lowland,andean,"Valencia, Venezuela: Andean, lowland, population band 0.5–3.5M"
Venezuela,Caracas,3837,2667322.485,1013.84,mid-elevation,andean,"Caracas, Venezuela: Andean, mid-elevation, population band 0.5–3.5M"
Venezuela,Barcelona,4175,688689.5729,30.4,lowland,andean,"Barcelona, Venezuela: Andean, lowland, population band 0.5–3.5M"
Bolivia,Oruro,524,368455.6079,3724.27,highland,andean,"Oruro, Bolivia: Andean, highland, population band 0.25–5M"
Bolivia,Sucre,1047,292077.9239,2833.52,highland,andean,"Sucre, Bolivia: Andean, highland, population band 0.25–5M"
Bolivia,Potos,927,261971.8658,3929.18,highland,andean,"Potos, Bolivia: Andean, highland, population band 0.25–5M"
Chile,Iquique,210,316450.4212,212.32,lowland,southern_cone,"Iquique, Chile: Southern Cone, lowland, population band 0.25–5M"
Chile,Rancagua,2870,277738.1925,505.18,mid-elevation,southern_cone,"Rancagua, Chile: Southern Cone, mid-elevation, population band 0.25–5M"
Chile,La Serena,926,272316.9663,66.75,lowland,southern_cone,"La Serena, Chile: Southern Cone, lowland, population band 0.25–5M"
Chile,Antofagasta,373,365402.108,62.92,lowland,southern_cone,"Antofagasta, Chile: Southern Cone, lowland, population band 0.25–5M"
Cuba,Camagey,1664,286044.8646,99.69,lowland,caribbean,"Camagey, Cuba: Caribbean, lowland, population band 0.25–5M"
Cuba,Holgun,2252,313756.927,142.61,lowland,caribbean,"Holgun, Cuba: Caribbean, lowland, population band 0.25–5M"
Cuba,Santiago de Cuba,2406,441984.805,34.7,lowland,caribbean,"Santiago de Cuba, Cuba: Caribbean, lowland, population band 0.25–5M"
Dominican Republic,Santo Domingo,1667,4593163.695,29.84,lowland,caribbean,"Santo Domingo, Dominican Republic: Caribbean, lowland, population band 0.25–5M"
Ecuador,Salinas [Santa Elena],15,267482.0613,17.77,lowland,andean,"Salinas [Santa Elena], Ecuador: Andean, lowland, population band 0.25–5M"
Ecuador,Manta,202,284614.4637,40.65,lowland,andean,"Manta, Ecuador: Andean, lowland, population band 0.25–5M"
Haiti,Cap-Haitien,2095,340357.0084,40.74,lowland,caribbean,"Cap-Haitien, Haiti: Caribbean, lowland, population band 0.25–5M"
Haiti,Gonaves,1372,393644.1118,29.4,lowland,caribbean,"Gonaves, Haiti: Caribbean, lowland, population band 0.25–5M"
Honduras,La Ceiba,1563,300947.6603,14.98,lowland,central_america,"La Ceiba, Honduras: Central America, lowland, population band 0.25–5M"
Jamaica,Portmore,661,342759.3864,26.1,lowland,caribbean,"Portmore, Jamaica: Caribbean, lowland, population band 0.25–5M"
Panama,Arraijn,516,265294.3228,69.63,lowland,central_america,"Arraijn, Panama: Central America, lowland, population band 0.25–5M"
Paraguay,Ciudad del Este,1050,422701.3394,212.64,lowland,southern_cone,"Ciudad del Este, Paraguay: Southern Cone, lowland, population band 0.25–5M"
Peru,Juliaca,3596,326109.6982,3828.91,highland,andean,"Juliaca, Peru: Andean, highland, population band 0.25–5M"
Peru,Huancayo,2989,455854.5835,3257.07,highland,andean,"Huancayo, Peru: Andean, highland, population band 0.25–5M"
Suriname,Paramaribo,34,253625.5111,2.95,lowland,caribbean,"Paramaribo, Suriname: Caribbean, lowland, population band 0.25–5M"
Trinidad and Tobago,Port of Spain,30,474069.7262,61.49,lowland,caribbean,"Port of Spain, Trinidad and Tobago: Caribbean, lowland, population band 0.25–5M"
Barbados,Bridgetown,32,152912.0999,36.19,lowland,caribbean,"Bridgetown, Barbados: Caribbean, lowland, population band outside"
Costa Rica,Barranca,200,65404.95356,13.82,lowland,central_america,"Barranca, Costa Rica: Central America, lowland, population band outside"
Cuba,Contramaestre,2173,70971.37853,108.81,lowland,caribbean,"Contramaestre, Cuba: Caribbean, lowland, population band outside"
Cuba,Puerto Padre,2093,51483.36398,10.2,lowland,caribbean,"Puerto Padre, Cuba: Caribbean, lowland, population band outside"
Curaao,Willemstad,26,162058.5603,21.07,lowland,other,"Willemstad, Curaao: Other, lowland, population band outside"
Dominican Republic,Ban,925,137526.7253,59.03,lowland,caribbean,"Ban, Dominican Republic: Caribbean, lowland, population band outside"
Dominican Republic,Moca,1270,95304.70105,179.35,lowland,caribbean,"Moca, Dominican Republic: Caribbean, lowland, population band outside"
Dominican Republic,San Cristbal,1473,183844.8001,62.46,lowland,caribbean,"San Cristbal, Dominican Republic: Caribbean, lowland, population band outside"
Dominican Republic,Azua,522,62726.24381,82.08,lowland,caribbean,"Azua, Dominican Republic: Caribbean, lowland, population band outside"
Ecuador,Puerto Francisco de Orellana,3047,74809.33259,253.65,lowland,andean,"Puerto Francisco de Orellana, Ecuador: Andean, lowland, population band outside"
Ecuador,Daule,1039,80197.86884,7.07,lowland,andean,"Daule, Ecuador: Andean, lowland, population band outside"
Ecuador,Ibarra,2738,166828.6139,2248.22,highland,andean,"Ibarra, Ecuador: Andean, highland, population band outside"
El Salvador,Cojutepeque,1151,57723.00495,809.86,mid-elevation,central_america,"Cojutepeque, El Salvador: Central America, mid-elevation, population band outside"
El Salvador,Ahuachapan,8,83851.12663,753.24,mid-elevation,central_america,"Ahuachapan, El Salvador: Central America, mid-elevation, population band outside"
El Salvador,Sonsonate,197,181726.1955,347.26,lowland,central_america,"Sonsonate, El Salvador: Central America, lowland, population band outside"
El Salvador,Santa Ana,510,205664.8586,702.89,mid-elevation,central_america,"Santa Ana, El Salvador: Central America, mid-elevation, population band outside"
El Salvador,Chalchuapa,360,65024.15551,724.29,mid-elevation,central_america,"Chalchuapa, El Salvador: Central America, mid-elevation, population band outside"
Guatemala,Flores,2673,145258.9636,138.05,lowland,central_america,"Flores, Guatemala: Central America, lowland, population band outside"
Guatemala,Mazatenango,787,112387.6568,367.66,lowland,central_america,"Mazatenango, Guatemala: Central America, lowland, population band outside"
Guatemala,San Juan Sacatepquez,2169,85399.79373,1868.03,highland,central_america,"San Juan Sacatepquez, Guatemala: Central America, highland, population band outside"
Guatemala,Morales,2864,53437.94886,42.6,lowland,central_america,"Morales, Guatemala: Central America, lowland, population band outside"
Guatemala,El Estor,2737,52061.60103,23.66,lowland,central_america,"El Estor, Guatemala: Central America, lowland, population band outside"
Guyana,Paradise,216,103152.3946,1.18,lowland,caribbean,"Paradise, Guyana: Caribbean, lowland, population band outside"
