ID_UC_G0,city_name,country,population,elevation_m,mahal_dist_primary
2249,Cuenca,Ecuador,506176.672,2601.07,2.643587598082538
518,Pasto,Colombia,352415.4738,2630.61,2.9059253201317072
5853,Puebla,México,1949859.502,2173.91,2.9176666317651536
3386,Cusco,Peru,517707.4456,3417.77,2.965579567665761
6183,Oaxaca de Juárez,México,510651.7887,1585.13,3.0188454320521054
212,La Paz,Bolivia,2063632.692,3867.62,3.0257618417553043
2089,Guatemala City,Guatemala,2900618.853,1507.83,3.0649024481000886
5376,Cuernavaca,México,866396.3467,1449.16,3.177779904915057
3105,Guadalajara,México,4138349.881,1581.05,3.206677746442213
3107,Ibagué,Colombia,514064.1783,1114.64,3.2196025213818054
5793,Pachuca,México,326869.8644,2418.22,3.231648627638249
2170,City of Loja,Ecuador,170979.2695,2132.89,3.2372252460822213
5097,Querétaro,México,908964.456,1861.07,3.2870722438481423
5855,Brasilia,Brazil,1799120.619,1147.59,3.3912617137866383
4364,Morelia,México,635587.9012,1928.51,3.396267766948787
2545,Armenia,Colombia,322712.7703,1440.51,3.399101641718904
666,Cochabamba,Bolivia,1357547.955,2623.85,3.411838866963579
3440,Arequipa,Peru,1004835.002,2453.4,3.421636453543123
6396,Xalapa,México,557330.8469,1374.54,3.4328973434662977
5215,San Luis Potosí,México,1005068.069,1871.34,3.4525646256786424
2251,Pereira,Colombia,596362.7838,1398.03,3.4547647290571977
2328,Riobamba,Ecuador,183174.1439,2778.0,3.4583019775768573
2738,Ibarra,Ecuador,166828.6139,2248.22,3.4663628845492096
2676,Medellín,Colombia,3215457.351,1657.88,3.4809015541251282
6350,Curitiba,Brazil,2512876.6,915.72,3.520690287277561
5402,Mexico City,México,17639163.99,2305.1,3.5534366732514058
4516,Tunja,Colombia,199107.4068,2762.12,3.5798015686801654
3880,Uruapan,México,336317.1681,1637.78,3.588880353652116
2614,Barquisimeto,Venezuela,853705.7149,603.99,3.614763526306247
4052,Chía,Colombia,289605.6813,2558.21,3.6367023340396587
4478,León,México,1384014.169,1850.06,3.6387051107306534
1158,Cali,Colombia,2691615.942,1007.6,3.6649748992402897
3881,Bogota,Colombia,10419360.65,2599.76,3.668067248015821
4212,Aguascalientes,México,878454.5583,1895.35,3.698184139733511
1163,Tarija,Bolivia,250298.3573,1894.62,3.7049775734324046
1368,Cajamarca,Peru,276090.7321,2735.62,3.7231087245296584
1047,Sucre,Bolivia,292077.9239,2833.52,3.7327924515813677
1665,Mérida,Venezuela,218098.5524,1456.43,3.739977065158259
7676,Belo Horizonte,Brazil,4376746.588,867.55,3.7742093324946784
5243,Toluca,México,1594046.479,2641.63,3.776160494403644
2090,Santo Domingo de los Tsachilas,Ecuador,357691.9378,523.14,3.7950920610939844
7255,Jundiaí,Brazil,473610.4872,757.44,3.800017985191609
6726,Tuxtla Gutiérrez,México,572808.1713,588.18,3.8148839876617266
3274,Durango,México,548393.9081,1889.39,3.8244607930891177
4942,Celaya,México,381192.4821,1756.39,3.8440500203407715
6593,Ribeirao Preto,Brazil,671130.7215,563.43,3.861213941195252
6115,Uberlândia,Brazil,658427.1051,861.85,3.8701560145007114
2610,Cumbaya,Ecuador,101358.7836,2391.16,3.874484514662662
7052,Sorocaba,Brazil,712190.5064,600.13,3.8844327708717574
5035,Chilpancingo,México,219721.0456,1334.67,3.8855244633528647
1755,Palmira,Colombia,196215.0051,1007.82,3.8856401505308478
6095,Tehuacán,México,223263.5609,1629.92,3.8996411267811015
5324,San Juan del Río,México,181410.2252,1958.17,3.9195681273298058
5326,Anápolis,Brazil,375174.9224,1041.27,3.9206635522353945
4552,Irapuato,México,468284.6394,1724.06,3.9223109952740747
651,Quetzaltenango,Guatemala,295632.8341,2425.67,3.930307274351727
4326,Zacatecas,México,284147.0386,2375.03,3.9440238063627233
7470,Sao Jose dos Campos,Brazil,835844.1388,598.03,3.949408235543488
5931,Tlaxcala,México,208322.9597,2285.89,3.9597636381226717
5873,Saltillo,México,735829.0286,1619.71,3.9648387558961478
4519,Londrina,Brazil,640350.2926,560.86,3.9709895004912816
5987,Tulancingo,México,130003.3591,2183.27,3.9713558854947775
6200,Orizaba,México,321412.7831,1269.98,3.976942832622882
2403,Ambato,Ecuador,275466.0446,2657.43,3.9808714104804577
6043,Lago Norte,Brazil,186767.9153,1037.24,3.99524392346224
4943,Cúcuta,Colombia,817158.1235,355.04,3.997820201712874
916,San Salvador,El Salvador,1615741.491,704.02,4.002442099488946
4701,Bucaramanga,Colombia,893662.2264,911.0,4.008920664634223
2928,Neiva,Colombia,330812.2619,471.27,4.03011307826718
363,San José,Costa Rica,2272571.519,1119.74,4.0305473529794895
4945,Goiânia,Brazil,2457483.108,786.55,4.042505659009253
5952,Valparaíso de Goiás,Brazil,592234.9672,1106.55,4.043434928185876
1754,Huaraz,Peru,120033.8214,3099.05,4.0483197850743275
4664,Duitama,Colombia,75118.4844,2536.41,4.058587980659755
7660,Montes Claros,Brazil,375328.5187,652.09,4.072391137610788
6743,Franca,Brazil,355369.6112,993.14,4.075514775714111
2674,Otavalo,Ecuador,54258.88663,2555.49,4.081485149428084
4737,Salamanca,México,176289.9744,1714.2,4.090406433708067
5689,Ponta Grossa,Brazil,312508.7268,893.79,4.093290691473234
4740,Guarapuava,Brazil,141598.8921,1065.1,4.0984674822011815
3387,Maracay,Venezuela,866299.742,463.34,4.107592522092839
1377,Manaus,Brazil,2368804.754,55.42,4.114722967141635
4774,Sogamoso,Colombia,78626.11526,2496.42,4.131895503302741
7078,Campinas,Brazil,1834451.428,631.6,4.141703840293894
5687,Texcoco de Mora,México,222360.7912,2258.14,4.146338580225049
662,San Cristobal,Venezuela,374936.0484,902.44,4.146485233409454
5528,São José do Rio Preto,Brazil,437282.5062,512.92,4.147652163832296
7013,Americana,Brazil,434290.9946,574.05,4.161627664426349
4056,Maringá,Brazil,507945.2871,531.74,4.178390560201328
3835,Zamora,México,127828.5485,1565.04,4.179689420250422
5989,Bauru,Brazil,366248.5508,558.77,4.179821401895542
6818,Piracicaba,Brazil,373343.6853,533.81,4.182538574170061
368,Ipiales,Colombia,116592.1093,2880.66,4.188082829988413
6316,Córdoba,México,227802.0048,914.42,4.198695754483403
6638,São Carlos,Brazil,234904.4381,830.94,4.199959992467674
792,Guayaquil,Ecuador,3247674.482,17.1,4.203508162809821
798,Santiago de los Caballeros,Dominican Republic,678295.8372,194.85,4.211157656785924
3596,Juliaca,Peru,326109.6982,3828.91,4.2144390625671715
7560,Divinópolis,Brazil,204432.3173,735.86,4.220413159075308
6974,Limeira,Brazil,294622.5198,604.02,4.230124940054675
6488,Uberaba,Brazil,330021.3868,783.37,4.230276418727523
5772,Santa Matilde,México,102206.3105,2354.83,4.231716323589518
1365,Tegucigalpa,Honduras,1653508.639,1093.93,4.245298859811395
3048,Rionegro,Colombia,51898.26643,2103.87,4.253805539375106
5813,Texmelucan,México,187949.0671,2257.34,4.25472356931728
1269,Port-au-Prince,Haiti,1733377.8,149.49,4.259257993904475
1375,Santa Cruz de la Sierra,Bolivia,2016833.232,406.36,4.265054857763238
5429,Marília,Brazil,219979.3917,620.78,4.267423542344316
4094,Zipaquirá,Colombia,128428.7754,2603.92,4.27129127789759
2863,Tepic,México,420019.6003,946.65,4.279002838158448
7479,Varginha,Brazil,130426.195,892.11,4.283064792947456
510,Santa Ana,El Salvador,205664.8586,702.89,4.285549935100563
4327,Villavicencio,Colombia,334493.2636,433.43,4.2861711946442655
3109,Valencia,Venezuela,1601248.835,476.33,4.287279965476424
2618,Campo Grande,Brazil,910909.7178,576.43,4.288076022852484
658,Panama City,Panama,1612439.467,55.42,4.288477160559548
3390,Cascavel,Brazil,309465.7258,726.81,4.293507738855858
5969,Apizaco,México,126631.6485,2425.6,4.293867169077914
513,Cartago,Costa Rica,189382.72,1410.1,4.304406138849552
7668,Sete Lagoas,Brazil,203340.9984,772.81,4.304989725530625
7506,Taubaté,Brazil,320607.2692,581.18,4.305629650321517
8348,Campina Grande,Brazil,382512.0942,516.66,4.311678940059422
6816,Comitán,México,125025.5421,1628.83,4.317545367460631
7065,Patos de Minas,Brazil,130432.1573,856.96,4.324212384947462
922,Popayán,Colombia,224661.6835,1733.17,4.325643955155228
2474,Latacunga,Ecuador,87529.66862,2790.28,4.327785334610957
525,Porto Velho,Brazil,419754.5503,84.35,4.329208664879372
2987,Tulcán,Ecuador,54691.71468,2926.29,4.335505548361134
6756,Tapachula,México,307204.3228,147.71,4.340390066840291
7995,Vitória da Conquista,Brazil,280605.9948,928.35,4.3463359107508674
6518,Araraquara,Brazil,220701.3106,673.85,4.347220936703497
524,Oruro,Bolivia,368455.6079,3724.27,4.355048062034588
3972,Rio Verde,Brazil,218380.9803,736.78,4.356410087639202
7130,Indaiatuba,Brazil,204954.4776,606.82,4.36884101640179
7443,Pouso Alegre,Brazil,112165.7756,840.28,4.372776152977932
1268,Maracaibo,Venezuela,2142105.375,31.13,4.382799388957674
6501,Veracruz,México,680672.3697,15.21,4.38472447791554
5730,Tizayuca,México,101965.6766,2277.98,4.393172560935681
5833,Ciudad Sahagún,México,53601.6636,2473.2,4.394768174244164
7375,Bragança Paulista,Brazil,130928.4435,840.06,4.402829945406767
7277,São Paulo,Brazil,19485157.73,774.83,4.402994888371742
4515,Uriangato,México,120106.6362,1824.28,4.403751823325805
6919,Araxá,Brazil,95613.96533,993.21,4.4200666508894635
6131,Monterrey,México,4011151.011,529.27,4.422818806082455
3331,Ayacucho,Peru,216773.7485,2817.95,4.423935792509129
2015,Barinas,Venezuela,323816.5117,194.88,4.425049603179464
2172,Cartago,Colombia,119466.1684,923.63,4.432634837293774
5452,Cuautla,México,226028.0103,1348.81,4.436819998210605
4593,Belém,Brazil,2192374.924,13.69,4.441358271820975
3275,Cartagena,Colombia,925945.2183,9.39,4.448190664401427
7757,Conselheiro Lafaiete,Brazil,122523.8369,962.98,4.448289575281246
6503,Botucatu,Brazil,124391.5378,824.23,4.45024858299222
4288,San Francisco del Rincón,México,127694.6988,1769.04,4.4613726385743915
5893,Huajuapan,México,72744.05504,1613.67,4.465669289288093
4479,Santa Marta,Colombia,423996.0067,40.29,4.467347680431365
8353,Maceió,Brazil,1046071.456,52.15,4.467782902013341
6848,Rio Claro,Brazil,196010.5152,602.51,4.471432138512516
6097,Sobradinho II,Brazil,162324.4912,1099.74,4.478378868365851
4809,Guanajuato,México,135322.935,2006.9,4.4806899404241864
6284,Teziutlán,México,106774.1531,1985.12,4.481180638980797
4093,Pátzcuaro,México,75440.12878,2171.79,4.487257827361739
5795,Caxias do Sul,Brazil,402433.8644,756.93,4.487760987877177
4177,Presidente Prudente,Brazil,200218.9194,437.75,4.491578033823354
6151,Lages,Brazil,134819.645,910.14,4.492594534444598
8343,Caruaru,Brazil,313174.1432,551.81,4.4930294563538675
8100,Vitória,Brazil,1291834.422,25.8,4.501209104195178
2805,Acarigua,Venezuela,289253.8571,202.94,4.501235992147505
8238,Salvador,Brazil,3305395.539,35.78,4.506932240290189
8154,Fortaleza,Brazil,3324148.631,22.15,4.507322257975181
2010,Quevedo,Ecuador,187211.2087,65.84,4.510731550917807
526,Salta,Argentina,633196.1256,1205.44,4.512112181649226
3745,Fusagasugá,Colombia,102396.2163,1671.62,4.516523603918325
361,Siguatepeque,Honduras,77747.65139,1093.95,4.518129885918995
927,Potosí,Bolivia,261971.8658,3929.18,4.519884163732198
507,Tijuana,México,1538300.988,161.17,4.531984382476186
7156,Mogi Guaçu,Brazil,137093.6841,633.39,4.539670928564619
3049,Pucallpa,Peru,247753.0266,154.4,4.542134737158196
2742,Cabudare,Venezuela,119102.0147,478.75,4.546085554991752
4254,Chapecó,Brazil,211736.3943,663.35,4.5488290968640275
8124,Colina de Laranjeiras,Brazil,382968.0832,26.07,4.558104887498575
2989,Huancayo,Peru,455854.5835,3257.07,4.55866215575228
3384,Sahuayo de Morelos,México,82902.09812,1547.76,4.56640524430582
8363,Natal,Brazil,1133223.558,34.18,4.573519928532473
5751,Atlixco,México,66247.19535,1849.5,4.576222954484767
5127,Iguala,México,110425.827,769.22,4.578375704056545
4328,Cumana,Venezuela,398294.1059,13.21,4.583848040919889
6236,Planaltina,Brazil,186714.169,969.05,4.588683520193285
8190,Feira de Santana,Brazil,561529.3965,226.52,4.59353442536338
7771,Barbacena,Brazil,101345.1578,1135.24,4.599296796092483
6758,Itapetininga,Brazil,125438.0246,665.1,4.602001120812023
8388,Recife,Brazil,3847557.992,24.61,4.6049600106200534
7143,Passos,Brazil,104792.6563,764.7,4.606746985504846
5875,Recanto das Emas,Brazil,189608.8745,1188.19,4.609694230932297
511,San Pedro Sula,Honduras,1301567.028,69.0,4.610146263793883
4250,Fresnillo,México,151502.8793,2196.1,4.614372243052607
2258,Cuiabá,Brazil,801996.8688,180.74,4.614666939941411
6217,Ciudad Victoria,México,328571.4336,333.31,4.621850116113725
3594,Tepatitlán,México,110772.8186,1791.69,4.623437754541585
7883,Ipatinga,Brazil,270481.7509,277.4,4.624046161159129
7569,Lavras,Brazil,87313.0841,896.41,4.6253097351513635
