pollutant,pseudo_week,pre_weeks,post_weeks,att_log,p_iid_reseeded
CO,20,19,33,-0.22350938244469595,0.002
CO,22,21,31,-0.15293725686857793,0.015
CO,24,23,29,-0.03479717548967039,0.072
CO,26,25,27,0.05003752157316472,0.109
CO,28,27,25,0.10611065366331658,0.234
CO,30,29,23,0.056397168791193296,0.215
CO,32,31,21,-0.015927893407612026,0.265
CO,34,33,19,-0.0908096950727453,0.547
CO,36,35,17,-0.09729869224565645,0.35
CO,38,37,15,-0.0886590279673871,0.209
CO,40,39,13,-0.1572143154329236,0.324
CO,42,41,11,-0.08919793143264498,0.404
CO,44,43,9,0.003503488422509665,0.737
