pollutant,run,pseudo_week,pseudo_date,pre_weeks,post_weeks,att_log,p_iid,p_iid_smallest_nonzero,p_block,p_block_smallest
PM25,main,20,2023-04-10,19,33,0.013508846940687349,0.057,0.001,0.057692307692307696,0.019230769230769232
PM25,main,22,2023-04-24,21,31,-0.0064289842334927716,0.189,0.001,0.2692307692307692,0.019230769230769232
PM25,main,24,2023-05-08,23,29,0.04999668555908352,0.181,0.001,0.2692307692307692,0.019230769230769232
PM25,main,26,2023-05-22,25,27,0.0556177148697298,0.127,0.001,0.19230769230769232,0.019230769230769232
PM25,main,28,2023-06-05,27,25,0.041456686265084974,0.039,0.001,0.1346153846153846,0.019230769230769232
PM25,main,30,2023-06-19,29,23,0.013868474870831576,0.025,0.001,0.09615384615384616,0.019230769230769232
PM25,main,32,2023-07-03,31,21,0.045841469993342855,0.011,0.001,0.09615384615384616,0.019230769230769232
PM25,main,34,2023-07-17,33,19,0.04031360843328009,0.005,0.001,0.057692307692307696,0.019230769230769232
PM25,main,36,2023-07-31,35,17,0.07596760237984292,0.013,0.001,0.1346153846153846,0.019230769230769232
PM25,main,38,2023-08-14,37,15,0.10673385632579298,0.008,0.001,0.057692307692307696,0.019230769230769232
PM25,main,40,2023-08-28,39,13,0.05936496950194389,0.032,0.001,0.07692307692307693,0.019230769230769232
PM25,main,42,2023-09-11,41,11,0.11875399348244194,0.076,0.001,0.17307692307692307,0.019230769230769232
PM25,main,44,2023-09-25,43,9,0.15994283715435684,0.033,0.001,0.11538461538461539,0.019230769230769232
