pollutant,spec,method,sample,att_log,att_pct,p_2s,p_1s,p_type,ci_lo,ci_hi,ci_type,rmspe_pre,rmspe_post,ratio,n_placebo,donor_weights,included_2x,included_5x
pm25,M7,AugFE,pre_blackout,-0.17412407298774443,-15.980735402071101,0.385,0,conformal,NA,NA,conformal_avg_CI_unavailable(NA),0.18636821996509664,0.2731764372570253,1.4657887343034464,NA,carapungo:-0.1472;cotocollao:0.6532;loschillos:0.6638;tumbaco:-0.1698,NA,NA
pm25,M7,AugFE,donut,-0.15007699076499845,-13.935828758959612,0.228,0,conformal,NA,NA,conformal_avg_CI_unavailable(NA),0.18636821996509664,0.2841900727711489,1.5248848372559038,NA,carapungo:-0.1472;cotocollao:0.6532;loschillos:0.6638;tumbaco:-0.1698,NA,NA
pm25,M7,AugFE,full,-0.10675373312883889,-10.125302265470214,0.393,0.008,conformal,NA,NA,conformal_avg_CI_unavailable(NA),0.18636821996509664,0.4034163719196569,2.1646199764917506,NA,carapungo:-0.1472;cotocollao:0.6532;loschillos:0.6638;tumbaco:-0.1698,NA,NA
pm25,M8,AugFE,pre_blackout,-0.23289932510864828,-20.776667248619283,0.247,0,conformal,NA,NA,conformal_avg_CI_unavailable(NA),0.20385505466047704,0.35674600431304143,1.7499983255612968,NA,carapungo:-0.1154;cotocollao:0.6444;loschillos:0.6474;tumbaco:-0.1764,NA,NA
pm25,M8,AugFE,donut,-0.23848541828172515,-21.217982405475734,0.362,0,conformal,NA,NA,conformal_avg_CI_unavailable(NA),0.20385505466047704,0.37082122282948465,1.8190435525235893,NA,carapungo:-0.1154;cotocollao:0.6444;loschillos:0.6474;tumbaco:-0.1764,NA,NA
pm25,M8,AugFE,full,-0.20259762438008463,-18.339324202187967,0.364,0,conformal,NA,NA,conformal_avg_CI_unavailable(NA),0.20385505466047704,0.4500544346138048,2.207717808927405,NA,carapungo:-0.1154;cotocollao:0.6444;loschillos:0.6474;tumbaco:-0.1764,NA,NA
pm25,M8b,AugFE,pre_blackout,-0.13488923942438283,-12.618730967513125,0.003,0,conformal,NA,NA,conformal_avg_CI_unavailable(NA),0.12952003265479736,0.25507166503213996,1.9693607220743101,NA,belisario:0.8442;carapungo:0.0595;cotocollao:0.0360;loschillos:0.0770;tumbaco:-0.0167,NA,NA
pm25,M8b,AugFE,donut,-0.18413743405966265,-16.817852463173487,0.658,0,conformal,NA,NA,conformal_avg_CI_unavailable(NA),0.12952003265479736,0.2624252151617376,2.026136110243001,NA,belisario:0.8442;carapungo:0.0595;cotocollao:0.0360;loschillos:0.0770;tumbaco:-0.0167,NA,NA
pm25,M8b,AugFE,full,-0.19082641856764151,-17.3723998124217,0.556,0,conformal,NA,NA,conformal_avg_CI_unavailable(NA),0.12952003265479736,0.2713697972671629,2.0951955593651674,NA,belisario:0.8442;carapungo:0.0595;cotocollao:0.0360;loschillos:0.0770;tumbaco:-0.0167,NA,NA
pm25,M9,AugFE,pre_blackout,-0.11534882086686317,-10.894472898155138,0.602,0.044,conformal,NA,NA,conformal_avg_CI_unavailable(NA),0.19210889829565972,0.23051141877681644,1.1998997486418064,NA,carapungo:-0.1790;cotocollao:0.6619;loschillos:0.6802;tumbaco:-0.1631,NA,NA
pm25,M9,AugFE,donut,-0.061668563248292244,-5.980554984900543,0.27,0.194,conformal,NA,NA,conformal_avg_CI_unavailable(NA),0.19210889829565972,0.23901994194446965,1.2441898530728797,NA,carapungo:-0.1790;cotocollao:0.6619;loschillos:0.6802;tumbaco:-0.1631,NA,NA
pm25,M9,AugFE,full,-0.010909841877605844,-1.0850545387059651,0.59,0.579,conformal,NA,NA,conformal_avg_CI_unavailable(NA),0.19210889829565972,0.4012556136593809,2.0886883284387996,NA,carapungo:-0.1790;cotocollao:0.6619;loschillos:0.6802;tumbaco:-0.1631,NA,NA
