variable,station,year,hours_both,differ,hours_ratio,hours_differ_old_le0,median_ratio_new_old
PM2.5,carapungo,2025,8181,2,2,0,0.9944
PM2.5,loschillos,2024,7245,158,158,0,1.0003
PM2.5,loschillos,2025,878,203,203,0,1.0006
PM2.5,loschillos,2026,2058,350,350,0,0.999
CO,belisario,2025,7932,643,643,0,1.0538
CO,carapungo,2025,7578,628,628,0,0.9947
CO,centro,2025,8275,726,726,0,1.0246
CO,cotocollao,2025,7740,717,717,0,0.7983
CO,elcamal,2025,7975,667,667,0,0.9931
CO,loschillos,2025,6431,216,216,0,1.0055
CO,tumbaco,2025,7925,714,714,0,0.996
SO2,belisario,2004,7437,7437,7437,0,3.529
SO2,belisario,2005,7425,7425,7413,12,8.0876
SO2,belisario,2006,8210,8210,8192,18,9.959
SO2,belisario,2007,8321,8321,8312,9,7.1032
SO2,carapungo,2005,4474,4474,4468,6,8.4626
SO2,carapungo,2006,8192,8192,8183,9,7.3797
SO2,carapungo,2007,8499,8499,8499,0,6.9561
SO2,centro,2004,6267,6267,6267,0,2.2008
SO2,centro,2005,7481,7481,7476,5,4.1234
SO2,centro,2006,8093,8093,8093,0,9.3535
SO2,centro,2007,8356,8356,8355,1,6.7329
SO2,centro,2026,2037,2017,2017,0,0.9451
SO2,cotocollao,2005,4958,4958,4958,0,5.0776
SO2,cotocollao,2006,8148,8148,8115,33,7.3649
SO2,cotocollao,2007,8385,8385,8376,9,6.0404
SO2,elcamal,2004,8094,8094,8094,0,8.0363
SO2,elcamal,2005,7966,7966,7966,0,9.0374
SO2,elcamal,2006,8354,8354,8354,0,12.9497
SO2,elcamal,2007,8134,8134,8129,5,10.3714
RS,belisario,2026,2113,648,648,0,4.7506
RS,carapungo,2026,2154,668,668,0,2.507
RS,centro,2026,2152,669,669,0,10.8714
RS,cotocollao,2026,2147,667,667,0,5.7447
RS,elcamal,2026,2153,669,669,0,3.7546
RS,loschillos,2026,2144,667,667,0,0.0
RS,sanantonio,2026,2153,669,669,0,2.5155
RS,tumbaco,2026,2132,654,654,0,0.0
