pollutant,rule,week_date,stations,reporting,missing,sanantonio_from_regression_only,kept
pm25,current,2022-11-28,8,8,,FALSE,TRUE
pm25,current,2022-12-05,8,8,,FALSE,TRUE
pm25,current,2022-12-12,8,8,,FALSE,TRUE
pm25,current,2022-12-19,8,8,,FALSE,TRUE
pm25,current,2022-12-26,8,8,,FALSE,TRUE
pm25,current,2023-01-02,8,8,,FALSE,TRUE
pm25,current,2023-01-09,8,8,,FALSE,TRUE
pm25,current,2023-01-16,8,8,,FALSE,TRUE
pm25,current,2023-01-23,8,8,,FALSE,TRUE
pm25,current,2023-01-30,8,8,,FALSE,TRUE
pm25,current,2023-02-06,8,8,,FALSE,TRUE
pm25,current,2023-02-13,8,8,,FALSE,TRUE
pm25,current,2023-02-20,8,8,,FALSE,TRUE
pm25,current,2023-02-27,8,8,,FALSE,TRUE
pm25,current,2023-03-06,8,8,,FALSE,TRUE
pm25,current,2023-03-13,8,8,,FALSE,TRUE
pm25,current,2023-03-20,8,8,,FALSE,TRUE
pm25,current,2023-03-27,8,8,,FALSE,TRUE
pm25,current,2023-04-03,8,8,,FALSE,TRUE
pm25,current,2023-04-10,8,8,,FALSE,TRUE
pm25,current,2023-04-17,8,8,,FALSE,TRUE
pm25,current,2023-04-24,8,8,,FALSE,TRUE
pm25,current,2023-05-01,8,8,,FALSE,TRUE
pm25,current,2023-05-08,8,8,,TRUE,TRUE
pm25,current,2023-05-15,8,8,,TRUE,TRUE
pm25,current,2023-05-22,8,8,,TRUE,TRUE
pm25,current,2023-05-29,8,8,,FALSE,TRUE
pm25,current,2023-06-05,8,8,,FALSE,TRUE
pm25,current,2023-06-12,8,8,,FALSE,TRUE
pm25,current,2023-06-19,8,8,,FALSE,TRUE
pm25,current,2023-06-26,8,8,,FALSE,TRUE
pm25,current,2023-07-03,8,8,,FALSE,TRUE
pm25,current,2023-07-10,8,8,,FALSE,TRUE
pm25,current,2023-07-17,8,8,,FALSE,TRUE
pm25,current,2023-07-24,8,8,,FALSE,TRUE
pm25,current,2023-07-31,8,8,,FALSE,TRUE
pm25,current,2023-08-07,8,8,,FALSE,TRUE
pm25,current,2023-08-14,8,8,,FALSE,TRUE
pm25,current,2023-08-21,8,8,,FALSE,TRUE
pm25,current,2023-08-28,8,8,,FALSE,TRUE
pm25,current,2023-09-04,8,8,,FALSE,TRUE
pm25,current,2023-09-11,8,8,,FALSE,TRUE
pm25,current,2023-09-18,8,8,,FALSE,TRUE
pm25,current,2023-09-25,8,8,,FALSE,TRUE
pm25,current,2023-10-02,8,8,,FALSE,TRUE
pm25,current,2023-10-09,8,8,,FALSE,TRUE
pm25,current,2023-10-16,8,8,,FALSE,TRUE
pm25,current,2023-10-23,8,8,,FALSE,TRUE
pm25,current,2023-10-30,8,8,,FALSE,TRUE
pm25,current,2023-11-06,8,8,,FALSE,TRUE
pm25,current,2023-11-13,8,8,,FALSE,TRUE
pm25,current,2023-11-20,8,8,,FALSE,TRUE
pm25,current,2023-11-27,8,8,,FALSE,TRUE
pm25,current,2023-12-04,8,8,,FALSE,TRUE
pm25,current,2023-12-11,8,8,,FALSE,TRUE
pm25,current,2023-12-18,8,8,,FALSE,TRUE
pm25,current,2023-12-25,8,8,,FALSE,TRUE
pm25,current,2024-01-01,8,8,,FALSE,TRUE
pm25,current,2024-01-08,8,8,,FALSE,TRUE
pm25,current,2024-01-15,8,8,,FALSE,TRUE
pm25,current,2024-01-22,8,8,,FALSE,TRUE
pm25,current,2024-01-29,8,8,,FALSE,TRUE
pm25,current,2024-02-05,8,8,,FALSE,TRUE
pm25,current,2024-02-12,8,8,,FALSE,TRUE
pm25,current,2024-02-19,8,8,,FALSE,TRUE
pm25,current,2024-02-26,8,8,,FALSE,TRUE
pm25,current,2024-03-04,8,8,,FALSE,TRUE
pm25,current,2024-03-11,8,8,,FALSE,TRUE
pm25,current,2024-03-18,8,8,,FALSE,TRUE
pm25,current,2024-03-25,8,8,,FALSE,TRUE
pm25,current,2024-04-01,8,8,,FALSE,TRUE
pm25,current,2024-04-08,8,8,,FALSE,TRUE
pm25,current,2024-04-15,8,8,,TRUE,TRUE
pm25,current,2024-04-22,8,8,,TRUE,TRUE
pm25,current,2024-04-29,8,8,,TRUE,TRUE
pm25,current,2024-05-06,8,8,,FALSE,TRUE
pm25,current,2024-05-13,8,8,,FALSE,TRUE
pm25,current,2024-05-20,8,8,,FALSE,TRUE
pm25,current,2024-05-27,8,8,,FALSE,TRUE
pm25,current,2024-06-03,8,8,,FALSE,TRUE
pm25,current,2024-06-10,8,8,,FALSE,TRUE
pm25,current,2024-06-17,8,8,,FALSE,TRUE
pm25,current,2024-06-24,8,8,,FALSE,TRUE
pm25,current,2024-07-01,8,8,,FALSE,TRUE
pm25,current,2024-07-08,8,8,,FALSE,TRUE
pm25,current,2024-07-15,8,8,,FALSE,TRUE
pm25,current,2024-07-22,8,8,,FALSE,TRUE
pm25,current,2024-07-29,8,8,,FALSE,TRUE
pm25,current,2024-08-05,8,8,,FALSE,TRUE
pm25,current,2024-08-12,8,8,,FALSE,TRUE
pm25,current,2024-08-19,8,8,,FALSE,TRUE
pm25,current,2024-08-26,8,8,,FALSE,TRUE
pm25,current,2024-09-02,8,8,,FALSE,TRUE
pm25,current,2024-09-09,8,8,,FALSE,TRUE
pm25,current,2024-09-16,8,8,,FALSE,TRUE
pm25,current,2024-09-23,8,8,,FALSE,TRUE
pm25,current,2024-09-30,8,8,,FALSE,TRUE
pm25,current,2024-10-07,8,8,,FALSE,TRUE
pm25,current,2024-10-14,8,8,,TRUE,TRUE
pm25,current,2024-10-21,8,8,,TRUE,TRUE
pm25,current,2024-10-28,8,8,,TRUE,TRUE
pm25,current,2024-11-04,8,8,,TRUE,TRUE
pm25,current,2024-11-11,8,8,,TRUE,TRUE
pm25,current,2024-11-18,8,8,,TRUE,TRUE
pm25,current,2024-11-25,8,8,,TRUE,TRUE
pm25,current,2024-12-02,8,8,,TRUE,TRUE
pm25,current,2024-12-09,8,8,,TRUE,TRUE
pm25,current,2024-12-16,8,8,,FALSE,TRUE
pm25,current,2024-12-23,8,8,,FALSE,TRUE
pm25,current,2024-12-30,8,8,,FALSE,TRUE
pm25,current,2025-01-06,8,8,,FALSE,TRUE
pm25,current,2025-01-13,8,8,,FALSE,TRUE
pm25,current,2025-01-20,8,8,,FALSE,TRUE
pm25,current,2025-01-27,8,8,,FALSE,TRUE
pm25,current,2025-02-03,8,8,,FALSE,TRUE
pm25,current,2025-02-10,8,8,,FALSE,TRUE
pm25,current,2025-02-17,8,8,,FALSE,TRUE
pm25,current,2025-02-24,8,8,,FALSE,TRUE
pm25,current,2025-03-03,8,8,,FALSE,TRUE
pm25,current,2025-03-10,8,8,,FALSE,TRUE
pm25,current,2025-03-17,8,8,,FALSE,TRUE
pm25,current,2025-03-24,8,8,,FALSE,TRUE
pm25,current,2025-03-31,8,8,,FALSE,TRUE
pm25,current,2025-04-07,8,8,,FALSE,TRUE
pm25,current,2025-04-14,8,8,,FALSE,TRUE
pm25,current,2025-04-21,8,8,,FALSE,TRUE
pm25,current,2025-04-28,8,8,,FALSE,TRUE
pm25,current,2025-05-05,8,8,,FALSE,TRUE
pm25,current,2025-05-12,8,8,,FALSE,TRUE
pm25,current,2025-05-19,8,8,,FALSE,TRUE
pm25,current,2025-05-26,8,8,,FALSE,TRUE
pm25,current,2025-06-02,8,8,,FALSE,TRUE
pm25,current,2025-06-09,8,8,,FALSE,TRUE
pm25,current,2025-06-16,8,8,,FALSE,TRUE
pm25,current,2025-06-23,8,7,guamani,FALSE,FALSE
pm25,current,2025-06-30,8,7,guamani,FALSE,FALSE
pm25,current,2025-07-07,8,7,guamani,FALSE,FALSE
pm25,current,2025-07-14,8,7,guamani,FALSE,FALSE
pm25,current,2025-07-21,8,7,guamani,FALSE,FALSE
pm25,current,2025-07-28,8,7,guamani,FALSE,FALSE
pm25,current,2025-08-04,8,7,guamani,FALSE,FALSE
pm25,current,2025-08-11,8,7,guamani,FALSE,FALSE
pm25,current,2025-08-18,8,7,guamani,FALSE,FALSE
pm25,current,2025-08-25,8,7,guamani,FALSE,FALSE
pm25,current,2025-09-01,8,7,guamani,FALSE,FALSE
pm25,current,2025-09-08,8,7,guamani,FALSE,FALSE
pm25,current,2025-09-15,8,7,guamani,FALSE,FALSE
pm25,current,2025-09-22,8,7,guamani,FALSE,FALSE
pm25,current,2025-09-29,8,7,guamani,FALSE,FALSE
pm25,current,2025-10-06,8,7,guamani,FALSE,FALSE
pm25,current,2025-10-13,8,7,guamani,FALSE,FALSE
pm25,current,2025-10-20,8,7,guamani,FALSE,FALSE
pm25,current,2025-10-27,8,7,guamani,FALSE,FALSE
pm25,current,2025-11-03,8,6,guamani loschillos,FALSE,FALSE
pm25,current,2025-11-10,8,5,guamani loschillos sanantonio,FALSE,FALSE
pm25,current,2025-11-17,8,5,guamani loschillos sanantonio,FALSE,FALSE
pm25,current,2025-11-24,8,5,guamani loschillos sanantonio,FALSE,FALSE
pm25,current,2025-12-01,8,5,guamani loschillos sanantonio,FALSE,FALSE
pm25,current,2025-12-08,8,6,guamani sanantonio,FALSE,FALSE
pm25,current,2025-12-15,8,6,guamani sanantonio,FALSE,FALSE
pm25,current,2025-12-22,8,6,guamani sanantonio,FALSE,FALSE
pm25,current,2025-12-29,8,6,guamani sanantonio,FALSE,FALSE
pm25,current,2026-01-05,8,6,guamani sanantonio,FALSE,FALSE
pm25,current,2026-01-12,8,6,guamani sanantonio,FALSE,FALSE
pm25,current,2026-01-19,8,6,guamani sanantonio,FALSE,FALSE
pm25,current,2026-01-26,8,6,guamani sanantonio,FALSE,FALSE
pm25,current,2026-02-02,8,6,guamani sanantonio,FALSE,FALSE
pm25,current,2026-02-09,8,6,guamani sanantonio,FALSE,FALSE
pm25,current,2026-02-16,8,6,guamani sanantonio,FALSE,FALSE
pm25,current,2026-02-23,8,6,guamani sanantonio,FALSE,FALSE
pm25,current,2026-03-02,8,6,guamani sanantonio,FALSE,FALSE
pm25,current,2026-03-09,8,6,guamani sanantonio,FALSE,FALSE
pm25,current,2026-03-16,8,6,guamani sanantonio,FALSE,FALSE
pm25,current,2026-03-23,8,6,guamani sanantonio,FALSE,FALSE
pm25,current,2026-03-30,8,6,guamani sanantonio,FALSE,FALSE
pm25,current,2026-04-06,8,6,guamani sanantonio,FALSE,FALSE
pm25,current,2026-04-13,8,6,guamani sanantonio,FALSE,FALSE
pm25,current,2026-04-20,8,6,guamani sanantonio,FALSE,FALSE
pm25,current,2026-04-27,8,6,guamani sanantonio,FALSE,FALSE
pm25,current,2026-05-04,8,6,guamani sanantonio,FALSE,FALSE
pm25,current,2026-05-11,8,6,guamani sanantonio,FALSE,FALSE
pm25,current,2026-05-18,8,6,guamani sanantonio,FALSE,FALSE
pm25,current,2026-05-25,8,6,guamani sanantonio,FALSE,FALSE
pm25,current,2026-06-01,8,6,guamani sanantonio,FALSE,FALSE
pm25,current,2026-06-08,8,6,guamani sanantonio,FALSE,FALSE
pm25,current,2026-06-15,8,6,guamani sanantonio,FALSE,FALSE
pm25,current,2026-06-22,8,6,guamani sanantonio,FALSE,FALSE
pm25,current,2026-06-29,8,6,guamani sanantonio,FALSE,FALSE
pm25,current,2026-07-06,8,6,guamani sanantonio,FALSE,FALSE
pm25,current,2026-07-13,8,6,guamani sanantonio,FALSE,FALSE
pm25,current,2026-07-20,8,6,guamani sanantonio,FALSE,FALSE
pm25,current,2026-07-27,8,6,guamani sanantonio,FALSE,FALSE
pm25,current,2026-08-03,8,6,guamani sanantonio,FALSE,FALSE
pm25,current,2026-08-10,8,8,,TRUE,TRUE
pm25,current,2026-08-17,8,8,,TRUE,TRUE
pm25,current,2026-08-24,8,8,,TRUE,TRUE
pm25,current,2026-08-31,8,8,,TRUE,TRUE
pm25,min_half_hours,2022-11-28,8,8,,FALSE,TRUE
pm25,min_half_hours,2022-12-05,8,8,,FALSE,TRUE
pm25,min_half_hours,2022-12-12,8,8,,FALSE,TRUE
pm25,min_half_hours,2022-12-19,8,8,,FALSE,TRUE
pm25,min_half_hours,2022-12-26,8,8,,FALSE,TRUE
pm25,min_half_hours,2023-01-02,8,8,,FALSE,TRUE
pm25,min_half_hours,2023-01-09,8,8,,FALSE,TRUE
pm25,min_half_hours,2023-01-16,8,8,,FALSE,TRUE
pm25,min_half_hours,2023-01-23,8,8,,FALSE,TRUE
pm25,min_half_hours,2023-01-30,8,8,,FALSE,TRUE
pm25,min_half_hours,2023-02-06,8,8,,FALSE,TRUE
pm25,min_half_hours,2023-02-13,8,8,,FALSE,TRUE
pm25,min_half_hours,2023-02-20,8,8,,FALSE,TRUE
pm25,min_half_hours,2023-02-27,8,8,,FALSE,TRUE
pm25,min_half_hours,2023-03-06,8,8,,FALSE,TRUE
pm25,min_half_hours,2023-03-13,8,8,,FALSE,TRUE
pm25,min_half_hours,2023-03-20,8,8,,FALSE,TRUE
pm25,min_half_hours,2023-03-27,8,8,,FALSE,TRUE
pm25,min_half_hours,2023-04-03,8,8,,FALSE,TRUE
pm25,min_half_hours,2023-04-10,8,8,,FALSE,TRUE
pm25,min_half_hours,2023-04-17,8,8,,FALSE,TRUE
pm25,min_half_hours,2023-04-24,8,8,,FALSE,TRUE
pm25,min_half_hours,2023-05-01,8,8,,FALSE,TRUE
pm25,min_half_hours,2023-05-08,8,8,,TRUE,TRUE
pm25,min_half_hours,2023-05-15,8,8,,TRUE,TRUE
pm25,min_half_hours,2023-05-22,8,8,,TRUE,TRUE
pm25,min_half_hours,2023-05-29,8,8,,TRUE,TRUE
pm25,min_half_hours,2023-06-05,8,8,,FALSE,TRUE
pm25,min_half_hours,2023-06-12,8,8,,FALSE,TRUE
pm25,min_half_hours,2023-06-19,8,8,,FALSE,TRUE
pm25,min_half_hours,2023-06-26,8,8,,FALSE,TRUE
pm25,min_half_hours,2023-07-03,8,8,,FALSE,TRUE
pm25,min_half_hours,2023-07-10,8,8,,FALSE,TRUE
pm25,min_half_hours,2023-07-17,8,8,,FALSE,TRUE
pm25,min_half_hours,2023-07-24,8,8,,FALSE,TRUE
pm25,min_half_hours,2023-07-31,8,8,,FALSE,TRUE
pm25,min_half_hours,2023-08-07,8,8,,FALSE,TRUE
pm25,min_half_hours,2023-08-14,8,8,,FALSE,TRUE
pm25,min_half_hours,2023-08-21,8,8,,FALSE,TRUE
pm25,min_half_hours,2023-08-28,8,8,,FALSE,TRUE
pm25,min_half_hours,2023-09-04,8,8,,FALSE,TRUE
pm25,min_half_hours,2023-09-11,8,8,,FALSE,TRUE
pm25,min_half_hours,2023-09-18,8,8,,FALSE,TRUE
pm25,min_half_hours,2023-09-25,8,8,,FALSE,TRUE
pm25,min_half_hours,2023-10-02,8,8,,FALSE,TRUE
pm25,min_half_hours,2023-10-09,8,8,,FALSE,TRUE
pm25,min_half_hours,2023-10-16,8,8,,FALSE,TRUE
pm25,min_half_hours,2023-10-23,8,8,,FALSE,TRUE
pm25,min_half_hours,2023-10-30,8,8,,FALSE,TRUE
pm25,min_half_hours,2023-11-06,8,8,,TRUE,TRUE
pm25,min_half_hours,2023-11-13,8,8,,TRUE,TRUE
pm25,min_half_hours,2023-11-20,8,8,,TRUE,TRUE
pm25,min_half_hours,2023-11-27,8,8,,TRUE,TRUE
pm25,min_half_hours,2023-12-04,8,8,,FALSE,TRUE
pm25,min_half_hours,2023-12-11,8,8,,FALSE,TRUE
pm25,min_half_hours,2023-12-18,8,8,,FALSE,TRUE
pm25,min_half_hours,2023-12-25,8,8,,FALSE,TRUE
pm25,min_half_hours,2024-01-01,8,8,,FALSE,TRUE
pm25,min_half_hours,2024-01-08,8,8,,FALSE,TRUE
pm25,min_half_hours,2024-01-15,8,8,,FALSE,TRUE
pm25,min_half_hours,2024-01-22,8,8,,FALSE,TRUE
pm25,min_half_hours,2024-01-29,8,8,,FALSE,TRUE
pm25,min_half_hours,2024-02-05,8,8,,FALSE,TRUE
pm25,min_half_hours,2024-02-12,8,8,,FALSE,TRUE
pm25,min_half_hours,2024-02-19,8,8,,FALSE,TRUE
pm25,min_half_hours,2024-02-26,8,8,,FALSE,TRUE
pm25,min_half_hours,2024-03-04,8,8,,FALSE,TRUE
pm25,min_half_hours,2024-03-11,8,8,,FALSE,TRUE
pm25,min_half_hours,2024-03-18,8,8,,FALSE,TRUE
pm25,min_half_hours,2024-03-25,8,8,,FALSE,TRUE
pm25,min_half_hours,2024-04-01,8,8,,FALSE,TRUE
pm25,min_half_hours,2024-04-08,8,8,,FALSE,TRUE
pm25,min_half_hours,2024-04-15,8,8,,TRUE,TRUE
pm25,min_half_hours,2024-04-22,8,8,,TRUE,TRUE
pm25,min_half_hours,2024-04-29,8,8,,TRUE,TRUE
pm25,min_half_hours,2024-05-06,8,8,,FALSE,TRUE
pm25,min_half_hours,2024-05-13,8,8,,FALSE,TRUE
pm25,min_half_hours,2024-05-20,8,8,,FALSE,TRUE
pm25,min_half_hours,2024-05-27,8,8,,FALSE,TRUE
pm25,min_half_hours,2024-06-03,8,8,,FALSE,TRUE
pm25,min_half_hours,2024-06-10,8,8,,FALSE,TRUE
pm25,min_half_hours,2024-06-17,8,8,,FALSE,TRUE
pm25,min_half_hours,2024-06-24,8,8,,FALSE,TRUE
pm25,min_half_hours,2024-07-01,8,8,,FALSE,TRUE
pm25,min_half_hours,2024-07-08,8,8,,FALSE,TRUE
pm25,min_half_hours,2024-07-15,8,8,,FALSE,TRUE
pm25,min_half_hours,2024-07-22,8,8,,FALSE,TRUE
pm25,min_half_hours,2024-07-29,8,8,,FALSE,TRUE
pm25,min_half_hours,2024-08-05,8,8,,FALSE,TRUE
pm25,min_half_hours,2024-08-12,8,8,,FALSE,TRUE
pm25,min_half_hours,2024-08-19,8,8,,FALSE,TRUE
pm25,min_half_hours,2024-08-26,8,8,,FALSE,TRUE
pm25,min_half_hours,2024-09-02,8,8,,FALSE,TRUE
pm25,min_half_hours,2024-09-09,8,8,,FALSE,TRUE
pm25,min_half_hours,2024-09-16,8,8,,FALSE,TRUE
pm25,min_half_hours,2024-09-23,8,8,,TRUE,TRUE
pm25,min_half_hours,2024-09-30,8,5,guamani loschillos sanantonio,FALSE,FALSE
pm25,min_half_hours,2024-10-07,8,5,guamani loschillos sanantonio,FALSE,FALSE
pm25,min_half_hours,2024-10-14,8,5,guamani loschillos sanantonio,FALSE,FALSE
pm25,min_half_hours,2024-10-21,8,6,loschillos sanantonio,FALSE,FALSE
pm25,min_half_hours,2024-10-28,8,8,,TRUE,TRUE
pm25,min_half_hours,2024-11-04,8,8,,TRUE,TRUE
pm25,min_half_hours,2024-11-11,8,8,,TRUE,TRUE
pm25,min_half_hours,2024-11-18,8,8,,TRUE,TRUE
pm25,min_half_hours,2024-11-25,8,8,,TRUE,TRUE
pm25,min_half_hours,2024-12-02,8,8,,TRUE,TRUE
pm25,min_half_hours,2024-12-09,8,8,,TRUE,TRUE
pm25,min_half_hours,2024-12-16,8,8,,TRUE,TRUE
pm25,min_half_hours,2024-12-23,8,8,,FALSE,TRUE
pm25,min_half_hours,2024-12-30,8,8,,FALSE,TRUE
pm25,min_half_hours,2025-01-06,8,8,,FALSE,TRUE
pm25,min_half_hours,2025-01-13,8,8,,FALSE,TRUE
pm25,min_half_hours,2025-01-20,8,8,,FALSE,TRUE
pm25,min_half_hours,2025-01-27,8,8,,FALSE,TRUE
pm25,min_half_hours,2025-02-03,8,8,,FALSE,TRUE
pm25,min_half_hours,2025-02-10,8,8,,FALSE,TRUE
pm25,min_half_hours,2025-02-17,8,8,,FALSE,TRUE
pm25,min_half_hours,2025-02-24,8,8,,FALSE,TRUE
pm25,min_half_hours,2025-03-03,8,8,,FALSE,TRUE
pm25,min_half_hours,2025-03-10,8,8,,FALSE,TRUE
pm25,min_half_hours,2025-03-17,8,8,,FALSE,TRUE
pm25,min_half_hours,2025-03-24,8,8,,FALSE,TRUE
pm25,min_half_hours,2025-03-31,8,8,,FALSE,TRUE
pm25,min_half_hours,2025-04-07,8,8,,FALSE,TRUE
pm25,min_half_hours,2025-04-14,8,8,,FALSE,TRUE
pm25,min_half_hours,2025-04-21,8,8,,FALSE,TRUE
pm25,min_half_hours,2025-04-28,8,8,,FALSE,TRUE
pm25,min_half_hours,2025-05-05,8,8,,FALSE,TRUE
pm25,min_half_hours,2025-05-12,8,8,,FALSE,TRUE
pm25,min_half_hours,2025-05-19,8,8,,FALSE,TRUE
pm25,min_half_hours,2025-05-26,8,8,,FALSE,TRUE
pm25,min_half_hours,2025-06-02,8,8,,FALSE,TRUE
pm25,min_half_hours,2025-06-09,8,8,,FALSE,TRUE
pm25,min_half_hours,2025-06-16,8,7,guamani,FALSE,FALSE
pm25,min_half_hours,2025-06-23,8,7,guamani,FALSE,FALSE
pm25,min_half_hours,2025-06-30,8,7,guamani,FALSE,FALSE
pm25,min_half_hours,2025-07-07,8,7,guamani,FALSE,FALSE
pm25,min_half_hours,2025-07-14,8,7,guamani,FALSE,FALSE
pm25,min_half_hours,2025-07-21,8,7,guamani,FALSE,FALSE
pm25,min_half_hours,2025-07-28,8,7,guamani,FALSE,FALSE
pm25,min_half_hours,2025-08-04,8,7,guamani,FALSE,FALSE
pm25,min_half_hours,2025-08-11,8,7,guamani,FALSE,FALSE
pm25,min_half_hours,2025-08-18,8,7,guamani,FALSE,FALSE
pm25,min_half_hours,2025-08-25,8,7,guamani,FALSE,FALSE
pm25,min_half_hours,2025-09-01,8,7,guamani,FALSE,FALSE
pm25,min_half_hours,2025-09-08,8,7,guamani,FALSE,FALSE
pm25,min_half_hours,2025-09-15,8,6,guamani sanantonio,FALSE,FALSE
pm25,min_half_hours,2025-09-22,8,6,guamani sanantonio,FALSE,FALSE
pm25,min_half_hours,2025-09-29,8,6,guamani sanantonio,FALSE,FALSE
pm25,min_half_hours,2025-10-06,8,6,guamani sanantonio,FALSE,FALSE
pm25,min_half_hours,2025-10-13,8,7,guamani,FALSE,FALSE
pm25,min_half_hours,2025-10-20,8,7,guamani,FALSE,FALSE
pm25,min_half_hours,2025-10-27,8,7,guamani,FALSE,FALSE
pm25,min_half_hours,2025-11-03,8,6,guamani loschillos,FALSE,FALSE
pm25,min_half_hours,2025-11-10,8,5,guamani loschillos sanantonio,FALSE,FALSE
pm25,min_half_hours,2025-11-17,8,5,guamani loschillos sanantonio,FALSE,FALSE
pm25,min_half_hours,2025-11-24,8,5,guamani loschillos sanantonio,FALSE,FALSE
pm25,min_half_hours,2025-12-01,8,5,guamani loschillos sanantonio,FALSE,FALSE
pm25,min_half_hours,2025-12-08,8,5,guamani loschillos sanantonio,FALSE,FALSE
pm25,min_half_hours,2025-12-15,8,6,guamani sanantonio,FALSE,FALSE
pm25,min_half_hours,2025-12-22,8,6,guamani sanantonio,FALSE,FALSE
pm25,min_half_hours,2025-12-29,8,6,guamani sanantonio,FALSE,FALSE
pm25,min_half_hours,2026-01-05,8,6,guamani sanantonio,FALSE,FALSE
pm25,min_half_hours,2026-01-12,8,6,guamani sanantonio,FALSE,FALSE
pm25,min_half_hours,2026-01-19,8,6,guamani sanantonio,FALSE,FALSE
pm25,min_half_hours,2026-01-26,8,6,guamani sanantonio,FALSE,FALSE
pm25,min_half_hours,2026-02-02,8,6,guamani sanantonio,FALSE,FALSE
pm25,min_half_hours,2026-02-09,8,6,guamani sanantonio,FALSE,FALSE
pm25,min_half_hours,2026-02-16,8,6,guamani sanantonio,FALSE,FALSE
pm25,min_half_hours,2026-02-23,8,6,guamani sanantonio,FALSE,FALSE
pm25,min_half_hours,2026-03-02,8,6,guamani sanantonio,FALSE,FALSE
pm25,min_half_hours,2026-03-09,8,6,guamani sanantonio,FALSE,FALSE
pm25,min_half_hours,2026-03-16,8,6,guamani sanantonio,FALSE,FALSE
pm25,min_half_hours,2026-03-23,8,6,guamani sanantonio,FALSE,FALSE
pm25,min_half_hours,2026-03-30,8,6,guamani sanantonio,FALSE,FALSE
pm25,min_half_hours,2026-04-06,8,6,guamani sanantonio,FALSE,FALSE
pm25,min_half_hours,2026-04-13,8,6,guamani sanantonio,FALSE,FALSE
pm25,min_half_hours,2026-04-20,8,6,guamani sanantonio,FALSE,FALSE
pm25,min_half_hours,2026-04-27,8,6,guamani sanantonio,FALSE,FALSE
pm25,min_half_hours,2026-05-04,8,6,guamani sanantonio,FALSE,FALSE
pm25,min_half_hours,2026-05-11,8,6,guamani sanantonio,FALSE,FALSE
pm25,min_half_hours,2026-05-18,8,6,guamani sanantonio,FALSE,FALSE
pm25,min_half_hours,2026-05-25,8,6,guamani sanantonio,FALSE,FALSE
pm25,min_half_hours,2026-06-01,8,6,guamani sanantonio,FALSE,FALSE
pm25,min_half_hours,2026-06-08,8,6,guamani sanantonio,FALSE,FALSE
pm25,min_half_hours,2026-06-15,8,6,guamani sanantonio,FALSE,FALSE
pm25,min_half_hours,2026-06-22,8,6,guamani sanantonio,FALSE,FALSE
pm25,min_half_hours,2026-06-29,8,6,guamani sanantonio,FALSE,FALSE
pm25,min_half_hours,2026-07-06,8,6,guamani sanantonio,FALSE,FALSE
pm25,min_half_hours,2026-07-13,8,6,guamani sanantonio,FALSE,FALSE
pm25,min_half_hours,2026-07-20,8,6,guamani sanantonio,FALSE,FALSE
pm25,min_half_hours,2026-07-27,8,6,guamani sanantonio,FALSE,FALSE
pm25,min_half_hours,2026-08-03,8,6,guamani sanantonio,FALSE,FALSE
pm25,min_half_hours,2026-08-10,8,6,guamani sanantonio,FALSE,FALSE
pm25,min_half_hours,2026-08-17,8,8,,TRUE,TRUE
pm25,min_half_hours,2026-08-24,8,8,,TRUE,TRUE
pm25,min_half_hours,2026-08-31,8,8,,TRUE,TRUE
co,current,2022-11-28,7,7,,FALSE,TRUE
co,current,2022-12-05,7,7,,FALSE,TRUE
co,current,2022-12-12,7,7,,FALSE,TRUE
co,current,2022-12-19,7,7,,FALSE,TRUE
co,current,2022-12-26,7,7,,FALSE,TRUE
co,current,2023-01-02,7,7,,FALSE,TRUE
co,current,2023-01-09,7,7,,FALSE,TRUE
co,current,2023-01-16,7,7,,FALSE,TRUE
co,current,2023-01-23,7,7,,FALSE,TRUE
co,current,2023-01-30,7,7,,FALSE,TRUE
co,current,2023-02-06,7,7,,FALSE,TRUE
co,current,2023-02-13,7,7,,FALSE,TRUE
co,current,2023-02-20,7,7,,FALSE,TRUE
co,current,2023-02-27,7,7,,FALSE,TRUE
co,current,2023-03-06,7,7,,FALSE,TRUE
co,current,2023-03-13,7,7,,FALSE,TRUE
co,current,2023-03-20,7,7,,FALSE,TRUE
co,current,2023-03-27,7,7,,FALSE,TRUE
co,current,2023-04-03,7,7,,FALSE,TRUE
co,current,2023-04-10,7,7,,FALSE,TRUE
co,current,2023-04-17,7,7,,FALSE,TRUE
co,current,2023-04-24,7,7,,FALSE,TRUE
co,current,2023-05-01,7,7,,FALSE,TRUE
co,current,2023-05-08,7,7,,FALSE,TRUE
co,current,2023-05-15,7,7,,FALSE,TRUE
co,current,2023-05-22,7,7,,FALSE,TRUE
co,current,2023-05-29,7,7,,FALSE,TRUE
co,current,2023-06-05,7,7,,FALSE,TRUE
co,current,2023-06-12,7,7,,FALSE,TRUE
co,current,2023-06-19,7,7,,FALSE,TRUE
co,current,2023-06-26,7,7,,FALSE,TRUE
co,current,2023-07-03,7,7,,FALSE,TRUE
co,current,2023-07-10,7,7,,FALSE,TRUE
co,current,2023-07-17,7,7,,FALSE,TRUE
co,current,2023-07-24,7,7,,FALSE,TRUE
co,current,2023-07-31,7,7,,FALSE,TRUE
co,current,2023-08-07,7,7,,FALSE,TRUE
co,current,2023-08-14,7,7,,FALSE,TRUE
co,current,2023-08-21,7,7,,FALSE,TRUE
co,current,2023-08-28,7,7,,FALSE,TRUE
co,current,2023-09-04,7,7,,FALSE,TRUE
co,current,2023-09-11,7,7,,FALSE,TRUE
co,current,2023-09-18,7,7,,FALSE,TRUE
co,current,2023-09-25,7,7,,FALSE,TRUE
co,current,2023-10-02,7,7,,FALSE,TRUE
co,current,2023-10-09,7,7,,FALSE,TRUE
co,current,2023-10-16,7,7,,FALSE,TRUE
co,current,2023-10-23,7,7,,FALSE,TRUE
co,current,2023-10-30,7,7,,FALSE,TRUE
co,current,2023-11-06,7,7,,FALSE,TRUE
co,current,2023-11-13,7,7,,FALSE,TRUE
co,current,2023-11-20,7,7,,FALSE,TRUE
co,current,2023-11-27,7,7,,FALSE,TRUE
co,current,2023-12-04,7,7,,FALSE,TRUE
co,current,2023-12-11,7,7,,FALSE,TRUE
co,current,2023-12-18,7,7,,FALSE,TRUE
co,current,2023-12-25,7,7,,FALSE,TRUE
co,current,2024-01-01,7,7,,FALSE,TRUE
co,current,2024-01-08,7,7,,FALSE,TRUE
co,current,2024-01-15,7,7,,FALSE,TRUE
co,current,2024-01-22,7,7,,FALSE,TRUE
co,current,2024-01-29,7,7,,FALSE,TRUE
co,current,2024-02-05,7,7,,FALSE,TRUE
co,current,2024-02-12,7,7,,FALSE,TRUE
co,current,2024-02-19,7,7,,FALSE,TRUE
co,current,2024-02-26,7,7,,FALSE,TRUE
co,current,2024-03-04,7,7,,FALSE,TRUE
co,current,2024-03-11,7,7,,FALSE,TRUE
co,current,2024-03-18,7,7,,FALSE,TRUE
co,current,2024-03-25,7,7,,FALSE,TRUE
co,current,2024-04-01,7,7,,FALSE,TRUE
co,current,2024-04-08,7,7,,FALSE,TRUE
co,current,2024-04-15,7,7,,FALSE,TRUE
co,current,2024-04-22,7,7,,FALSE,TRUE
co,current,2024-04-29,7,7,,FALSE,TRUE
co,current,2024-05-06,7,7,,FALSE,TRUE
co,current,2024-05-13,7,7,,FALSE,TRUE
co,current,2024-05-20,7,7,,FALSE,TRUE
co,current,2024-05-27,7,7,,FALSE,TRUE
co,current,2024-06-03,7,7,,FALSE,TRUE
co,current,2024-06-10,7,7,,FALSE,TRUE
co,current,2024-06-17,7,7,,FALSE,TRUE
co,current,2024-06-24,7,7,,FALSE,TRUE
co,current,2024-07-01,7,7,,FALSE,TRUE
co,current,2024-07-08,7,7,,FALSE,TRUE
co,current,2024-07-15,7,7,,FALSE,TRUE
co,current,2024-07-22,7,7,,FALSE,TRUE
co,current,2024-07-29,7,7,,FALSE,TRUE
co,current,2024-08-05,7,7,,FALSE,TRUE
co,current,2024-08-12,7,7,,FALSE,TRUE
co,current,2024-08-19,7,7,,FALSE,TRUE
co,current,2024-08-26,7,7,,FALSE,TRUE
co,current,2024-09-02,7,7,,FALSE,TRUE
co,current,2024-09-09,7,7,,FALSE,TRUE
co,current,2024-09-16,7,7,,FALSE,TRUE
co,current,2024-09-23,7,7,,FALSE,TRUE
co,current,2024-09-30,7,7,,FALSE,TRUE
co,current,2024-10-07,7,7,,FALSE,TRUE
co,current,2024-10-14,7,7,,FALSE,TRUE
co,current,2024-10-21,7,7,,FALSE,TRUE
co,current,2024-10-28,7,7,,FALSE,TRUE
co,current,2024-11-04,7,7,,FALSE,TRUE
co,current,2024-11-11,7,7,,FALSE,TRUE
co,current,2024-11-18,7,7,,FALSE,TRUE
co,current,2024-11-25,7,7,,FALSE,TRUE
co,current,2024-12-02,7,7,,FALSE,TRUE
co,current,2024-12-09,7,7,,FALSE,TRUE
co,current,2024-12-16,7,7,,FALSE,TRUE
co,current,2024-12-23,7,7,,FALSE,TRUE
co,current,2024-12-30,7,7,,FALSE,TRUE
co,current,2025-01-06,7,7,,FALSE,TRUE
co,current,2025-01-13,7,7,,FALSE,TRUE
co,current,2025-01-20,7,7,,FALSE,TRUE
co,current,2025-01-27,7,7,,FALSE,TRUE
co,current,2025-02-03,7,7,,FALSE,TRUE
co,current,2025-02-10,7,7,,FALSE,TRUE
co,current,2025-02-17,7,7,,FALSE,TRUE
co,current,2025-02-24,7,7,,FALSE,TRUE
co,current,2025-03-03,7,7,,FALSE,TRUE
co,current,2025-03-10,7,7,,FALSE,TRUE
co,current,2025-03-17,7,7,,FALSE,TRUE
co,current,2025-03-24,7,7,,FALSE,TRUE
co,current,2025-03-31,7,7,,FALSE,TRUE
co,current,2025-04-07,7,7,,FALSE,TRUE
co,current,2025-04-14,7,7,,FALSE,TRUE
co,current,2025-04-21,7,7,,FALSE,TRUE
co,current,2025-04-28,7,7,,FALSE,TRUE
co,current,2025-05-05,7,7,,FALSE,TRUE
co,current,2025-05-12,7,7,,FALSE,TRUE
co,current,2025-05-19,7,7,,FALSE,TRUE
co,current,2025-05-26,7,7,,FALSE,TRUE
co,current,2025-06-02,7,7,,FALSE,TRUE
co,current,2025-06-09,7,7,,FALSE,TRUE
co,current,2025-06-16,7,7,,FALSE,TRUE
co,current,2025-06-23,7,6,guamani,FALSE,FALSE
co,current,2025-06-30,7,6,guamani,FALSE,FALSE
co,current,2025-07-07,7,6,guamani,FALSE,FALSE
co,current,2025-07-14,7,6,guamani,FALSE,FALSE
co,current,2025-07-21,7,6,guamani,FALSE,FALSE
co,current,2025-07-28,7,6,guamani,FALSE,FALSE
co,current,2025-08-04,7,6,guamani,FALSE,FALSE
co,current,2025-08-11,7,6,guamani,FALSE,FALSE
co,current,2025-08-18,7,6,guamani,FALSE,FALSE
co,current,2025-08-25,7,6,guamani,FALSE,FALSE
co,current,2025-09-01,7,6,guamani,FALSE,FALSE
co,current,2025-09-08,7,6,guamani,FALSE,FALSE
co,current,2025-09-15,7,6,guamani,FALSE,FALSE
co,current,2025-09-22,7,6,guamani,FALSE,FALSE
co,current,2025-09-29,7,6,guamani,FALSE,FALSE
co,current,2025-10-06,7,6,guamani,FALSE,FALSE
co,current,2025-10-13,7,6,guamani,FALSE,FALSE
co,current,2025-10-20,7,6,guamani,FALSE,FALSE
co,current,2025-10-27,7,6,guamani,FALSE,FALSE
co,current,2025-11-03,7,6,guamani,FALSE,FALSE
co,current,2025-11-10,7,6,guamani,FALSE,FALSE
co,current,2025-11-17,7,6,guamani,FALSE,FALSE
co,current,2025-11-24,7,6,guamani,FALSE,FALSE
co,current,2025-12-01,7,6,guamani,FALSE,FALSE
co,current,2025-12-08,7,6,guamani,FALSE,FALSE
co,current,2025-12-15,7,6,guamani,FALSE,FALSE
co,current,2025-12-22,7,6,guamani,FALSE,FALSE
co,current,2025-12-29,7,6,guamani,FALSE,FALSE
co,current,2026-01-05,7,6,guamani,FALSE,FALSE
co,current,2026-01-12,7,6,guamani,FALSE,FALSE
co,current,2026-01-19,7,6,guamani,FALSE,FALSE
co,current,2026-01-26,7,6,guamani,FALSE,FALSE
co,current,2026-02-02,7,6,guamani,FALSE,FALSE
co,current,2026-02-09,7,6,guamani,FALSE,FALSE
co,current,2026-02-16,7,6,guamani,FALSE,FALSE
co,current,2026-02-23,7,6,guamani,FALSE,FALSE
co,current,2026-03-02,7,6,guamani,FALSE,FALSE
co,current,2026-03-09,7,6,guamani,FALSE,FALSE
co,current,2026-03-16,7,5,guamani tumbaco,FALSE,FALSE
co,current,2026-03-23,7,5,guamani tumbaco,FALSE,FALSE
co,current,2026-03-30,7,5,guamani tumbaco,FALSE,FALSE
co,current,2026-04-06,7,5,guamani tumbaco,FALSE,FALSE
co,current,2026-04-13,7,5,guamani tumbaco,FALSE,FALSE
co,current,2026-04-20,7,5,guamani tumbaco,FALSE,FALSE
co,current,2026-04-27,7,5,guamani tumbaco,FALSE,FALSE
co,current,2026-05-04,7,5,guamani tumbaco,FALSE,FALSE
co,current,2026-05-11,7,5,guamani tumbaco,FALSE,FALSE
co,current,2026-05-18,7,5,guamani tumbaco,FALSE,FALSE
co,current,2026-05-25,7,5,guamani tumbaco,FALSE,FALSE
co,current,2026-06-01,7,5,guamani tumbaco,FALSE,FALSE
co,current,2026-06-08,7,5,guamani tumbaco,FALSE,FALSE
co,current,2026-06-15,7,5,guamani tumbaco,FALSE,FALSE
co,current,2026-06-22,7,5,guamani tumbaco,FALSE,FALSE
co,current,2026-06-29,7,5,guamani tumbaco,FALSE,FALSE
co,current,2026-07-06,7,5,guamani tumbaco,FALSE,FALSE
co,current,2026-07-13,7,5,guamani tumbaco,FALSE,FALSE
co,current,2026-07-20,7,5,guamani tumbaco,FALSE,FALSE
co,current,2026-07-27,7,5,guamani tumbaco,FALSE,FALSE
co,current,2026-08-03,7,5,guamani tumbaco,FALSE,FALSE
co,current,2026-08-10,7,5,guamani tumbaco,FALSE,FALSE
co,current,2026-08-17,7,5,guamani tumbaco,FALSE,FALSE
co,current,2026-08-24,7,5,guamani tumbaco,FALSE,FALSE
co,current,2026-08-31,7,5,guamani tumbaco,FALSE,FALSE
co,min_half_hours,2022-11-28,7,7,,FALSE,TRUE
co,min_half_hours,2022-12-05,7,7,,FALSE,TRUE
co,min_half_hours,2022-12-12,7,7,,FALSE,TRUE
co,min_half_hours,2022-12-19,7,7,,FALSE,TRUE
co,min_half_hours,2022-12-26,7,7,,FALSE,TRUE
co,min_half_hours,2023-01-02,7,7,,FALSE,TRUE
co,min_half_hours,2023-01-09,7,7,,FALSE,TRUE
co,min_half_hours,2023-01-16,7,7,,FALSE,TRUE
co,min_half_hours,2023-01-23,7,7,,FALSE,TRUE
co,min_half_hours,2023-01-30,7,7,,FALSE,TRUE
co,min_half_hours,2023-02-06,7,7,,FALSE,TRUE
co,min_half_hours,2023-02-13,7,7,,FALSE,TRUE
co,min_half_hours,2023-02-20,7,7,,FALSE,TRUE
co,min_half_hours,2023-02-27,7,7,,FALSE,TRUE
co,min_half_hours,2023-03-06,7,7,,FALSE,TRUE
co,min_half_hours,2023-03-13,7,7,,FALSE,TRUE
co,min_half_hours,2023-03-20,7,7,,FALSE,TRUE
co,min_half_hours,2023-03-27,7,7,,FALSE,TRUE
co,min_half_hours,2023-04-03,7,7,,FALSE,TRUE
co,min_half_hours,2023-04-10,7,7,,FALSE,TRUE
co,min_half_hours,2023-04-17,7,7,,FALSE,TRUE
co,min_half_hours,2023-04-24,7,7,,FALSE,TRUE
co,min_half_hours,2023-05-01,7,7,,FALSE,TRUE
co,min_half_hours,2023-05-08,7,7,,FALSE,TRUE
co,min_half_hours,2023-05-15,7,7,,FALSE,TRUE
co,min_half_hours,2023-05-22,7,7,,FALSE,TRUE
co,min_half_hours,2023-05-29,7,7,,FALSE,TRUE
co,min_half_hours,2023-06-05,7,7,,FALSE,TRUE
co,min_half_hours,2023-06-12,7,7,,FALSE,TRUE
co,min_half_hours,2023-06-19,7,7,,FALSE,TRUE
co,min_half_hours,2023-06-26,7,7,,FALSE,TRUE
co,min_half_hours,2023-07-03,7,7,,FALSE,TRUE
co,min_half_hours,2023-07-10,7,7,,FALSE,TRUE
co,min_half_hours,2023-07-17,7,7,,FALSE,TRUE
co,min_half_hours,2023-07-24,7,7,,FALSE,TRUE
co,min_half_hours,2023-07-31,7,7,,FALSE,TRUE
co,min_half_hours,2023-08-07,7,7,,FALSE,TRUE
co,min_half_hours,2023-08-14,7,7,,FALSE,TRUE
co,min_half_hours,2023-08-21,7,7,,FALSE,TRUE
co,min_half_hours,2023-08-28,7,7,,FALSE,TRUE
co,min_half_hours,2023-09-04,7,7,,FALSE,TRUE
co,min_half_hours,2023-09-11,7,7,,FALSE,TRUE
co,min_half_hours,2023-09-18,7,7,,FALSE,TRUE
co,min_half_hours,2023-09-25,7,7,,FALSE,TRUE
co,min_half_hours,2023-10-02,7,7,,FALSE,TRUE
co,min_half_hours,2023-10-09,7,7,,FALSE,TRUE
co,min_half_hours,2023-10-16,7,7,,FALSE,TRUE
co,min_half_hours,2023-10-23,7,7,,FALSE,TRUE
co,min_half_hours,2023-10-30,7,7,,FALSE,TRUE
co,min_half_hours,2023-11-06,7,7,,FALSE,TRUE
co,min_half_hours,2023-11-13,7,7,,FALSE,TRUE
co,min_half_hours,2023-11-20,7,7,,FALSE,TRUE
co,min_half_hours,2023-11-27,7,7,,FALSE,TRUE
co,min_half_hours,2023-12-04,7,7,,FALSE,TRUE
co,min_half_hours,2023-12-11,7,7,,FALSE,TRUE
co,min_half_hours,2023-12-18,7,7,,FALSE,TRUE
co,min_half_hours,2023-12-25,7,7,,FALSE,TRUE
co,min_half_hours,2024-01-01,7,7,,FALSE,TRUE
co,min_half_hours,2024-01-08,7,7,,FALSE,TRUE
co,min_half_hours,2024-01-15,7,7,,FALSE,TRUE
co,min_half_hours,2024-01-22,7,7,,FALSE,TRUE
co,min_half_hours,2024-01-29,7,7,,FALSE,TRUE
co,min_half_hours,2024-02-05,7,7,,FALSE,TRUE
co,min_half_hours,2024-02-12,7,7,,FALSE,TRUE
co,min_half_hours,2024-02-19,7,7,,FALSE,TRUE
co,min_half_hours,2024-02-26,7,7,,FALSE,TRUE
co,min_half_hours,2024-03-04,7,7,,FALSE,TRUE
co,min_half_hours,2024-03-11,7,7,,FALSE,TRUE
co,min_half_hours,2024-03-18,7,7,,FALSE,TRUE
co,min_half_hours,2024-03-25,7,7,,FALSE,TRUE
co,min_half_hours,2024-04-01,7,7,,FALSE,TRUE
co,min_half_hours,2024-04-08,7,7,,FALSE,TRUE
co,min_half_hours,2024-04-15,7,7,,FALSE,TRUE
co,min_half_hours,2024-04-22,7,7,,FALSE,TRUE
co,min_half_hours,2024-04-29,7,7,,FALSE,TRUE
co,min_half_hours,2024-05-06,7,7,,FALSE,TRUE
co,min_half_hours,2024-05-13,7,7,,FALSE,TRUE
co,min_half_hours,2024-05-20,7,7,,FALSE,TRUE
co,min_half_hours,2024-05-27,7,7,,FALSE,TRUE
co,min_half_hours,2024-06-03,7,7,,FALSE,TRUE
co,min_half_hours,2024-06-10,7,7,,FALSE,TRUE
co,min_half_hours,2024-06-17,7,7,,FALSE,TRUE
co,min_half_hours,2024-06-24,7,7,,FALSE,TRUE
co,min_half_hours,2024-07-01,7,7,,FALSE,TRUE
co,min_half_hours,2024-07-08,7,7,,FALSE,TRUE
co,min_half_hours,2024-07-15,7,7,,FALSE,TRUE
co,min_half_hours,2024-07-22,7,7,,FALSE,TRUE
co,min_half_hours,2024-07-29,7,7,,FALSE,TRUE
co,min_half_hours,2024-08-05,7,7,,FALSE,TRUE
co,min_half_hours,2024-08-12,7,7,,FALSE,TRUE
co,min_half_hours,2024-08-19,7,7,,FALSE,TRUE
co,min_half_hours,2024-08-26,7,7,,FALSE,TRUE
co,min_half_hours,2024-09-02,7,7,,FALSE,TRUE
co,min_half_hours,2024-09-09,7,7,,FALSE,TRUE
co,min_half_hours,2024-09-16,7,7,,FALSE,TRUE
co,min_half_hours,2024-09-23,7,7,,FALSE,TRUE
co,min_half_hours,2024-09-30,7,6,tumbaco,FALSE,FALSE
co,min_half_hours,2024-10-07,7,6,tumbaco,FALSE,FALSE
co,min_half_hours,2024-10-14,7,6,tumbaco,FALSE,FALSE
co,min_half_hours,2024-10-21,7,7,,FALSE,TRUE
co,min_half_hours,2024-10-28,7,7,,FALSE,TRUE
co,min_half_hours,2024-11-04,7,7,,FALSE,TRUE
co,min_half_hours,2024-11-11,7,6,tumbaco,FALSE,FALSE
co,min_half_hours,2024-11-18,7,6,tumbaco,FALSE,FALSE
co,min_half_hours,2024-11-25,7,6,tumbaco,FALSE,FALSE
co,min_half_hours,2024-12-02,7,7,,FALSE,TRUE
co,min_half_hours,2024-12-09,7,7,,FALSE,TRUE
co,min_half_hours,2024-12-16,7,7,,FALSE,TRUE
co,min_half_hours,2024-12-23,7,7,,FALSE,TRUE
co,min_half_hours,2024-12-30,7,7,,FALSE,TRUE
co,min_half_hours,2025-01-06,7,7,,FALSE,TRUE
co,min_half_hours,2025-01-13,7,7,,FALSE,TRUE
co,min_half_hours,2025-01-20,7,7,,FALSE,TRUE
co,min_half_hours,2025-01-27,7,7,,FALSE,TRUE
co,min_half_hours,2025-02-03,7,7,,FALSE,TRUE
co,min_half_hours,2025-02-10,7,7,,FALSE,TRUE
co,min_half_hours,2025-02-17,7,7,,FALSE,TRUE
co,min_half_hours,2025-02-24,7,7,,FALSE,TRUE
co,min_half_hours,2025-03-03,7,7,,FALSE,TRUE
co,min_half_hours,2025-03-10,7,7,,FALSE,TRUE
co,min_half_hours,2025-03-17,7,7,,FALSE,TRUE
co,min_half_hours,2025-03-24,7,7,,FALSE,TRUE
co,min_half_hours,2025-03-31,7,7,,FALSE,TRUE
co,min_half_hours,2025-04-07,7,7,,FALSE,TRUE
co,min_half_hours,2025-04-14,7,7,,FALSE,TRUE
co,min_half_hours,2025-04-21,7,7,,FALSE,TRUE
co,min_half_hours,2025-04-28,7,7,,FALSE,TRUE
co,min_half_hours,2025-05-05,7,7,,FALSE,TRUE
co,min_half_hours,2025-05-12,7,7,,FALSE,TRUE
co,min_half_hours,2025-05-19,7,7,,FALSE,TRUE
co,min_half_hours,2025-05-26,7,7,,FALSE,TRUE
co,min_half_hours,2025-06-02,7,7,,FALSE,TRUE
co,min_half_hours,2025-06-09,7,7,,FALSE,TRUE
co,min_half_hours,2025-06-16,7,6,guamani,FALSE,FALSE
co,min_half_hours,2025-06-23,7,6,guamani,FALSE,FALSE
co,min_half_hours,2025-06-30,7,6,guamani,FALSE,FALSE
co,min_half_hours,2025-07-07,7,6,guamani,FALSE,FALSE
co,min_half_hours,2025-07-14,7,6,guamani,FALSE,FALSE
co,min_half_hours,2025-07-21,7,6,guamani,FALSE,FALSE
co,min_half_hours,2025-07-28,7,6,guamani,FALSE,FALSE
co,min_half_hours,2025-08-04,7,6,guamani,FALSE,FALSE
co,min_half_hours,2025-08-11,7,6,guamani,FALSE,FALSE
co,min_half_hours,2025-08-18,7,6,guamani,FALSE,FALSE
co,min_half_hours,2025-08-25,7,6,guamani,FALSE,FALSE
co,min_half_hours,2025-09-01,7,6,guamani,FALSE,FALSE
co,min_half_hours,2025-09-08,7,6,guamani,FALSE,FALSE
co,min_half_hours,2025-09-15,7,6,guamani,FALSE,FALSE
co,min_half_hours,2025-09-22,7,6,guamani,FALSE,FALSE
co,min_half_hours,2025-09-29,7,6,guamani,FALSE,FALSE
co,min_half_hours,2025-10-06,7,6,guamani,FALSE,FALSE
co,min_half_hours,2025-10-13,7,6,guamani,FALSE,FALSE
co,min_half_hours,2025-10-20,7,6,guamani,FALSE,FALSE
co,min_half_hours,2025-10-27,7,6,guamani,FALSE,FALSE
co,min_half_hours,2025-11-03,7,6,guamani,FALSE,FALSE
co,min_half_hours,2025-11-10,7,6,guamani,FALSE,FALSE
co,min_half_hours,2025-11-17,7,6,guamani,FALSE,FALSE
co,min_half_hours,2025-11-24,7,5,guamani loschillos,FALSE,FALSE
co,min_half_hours,2025-12-01,7,5,guamani loschillos,FALSE,FALSE
co,min_half_hours,2025-12-08,7,5,guamani loschillos,FALSE,FALSE
co,min_half_hours,2025-12-15,7,5,guamani loschillos,FALSE,FALSE
co,min_half_hours,2025-12-22,7,6,guamani,FALSE,FALSE
co,min_half_hours,2025-12-29,7,6,guamani,FALSE,FALSE
co,min_half_hours,2026-01-05,7,6,guamani,FALSE,FALSE
co,min_half_hours,2026-01-12,7,6,guamani,FALSE,FALSE
co,min_half_hours,2026-01-19,7,6,guamani,FALSE,FALSE
co,min_half_hours,2026-01-26,7,6,guamani,FALSE,FALSE
co,min_half_hours,2026-02-02,7,6,guamani,FALSE,FALSE
co,min_half_hours,2026-02-09,7,6,guamani,FALSE,FALSE
co,min_half_hours,2026-02-16,7,6,guamani,FALSE,FALSE
co,min_half_hours,2026-02-23,7,6,guamani,FALSE,FALSE
co,min_half_hours,2026-03-02,7,6,guamani,FALSE,FALSE
co,min_half_hours,2026-03-09,7,6,guamani,FALSE,FALSE
co,min_half_hours,2026-03-16,7,5,guamani tumbaco,FALSE,FALSE
co,min_half_hours,2026-03-23,7,5,guamani tumbaco,FALSE,FALSE
co,min_half_hours,2026-03-30,7,5,guamani tumbaco,FALSE,FALSE
co,min_half_hours,2026-04-06,7,5,guamani tumbaco,FALSE,FALSE
co,min_half_hours,2026-04-13,7,5,guamani tumbaco,FALSE,FALSE
co,min_half_hours,2026-04-20,7,5,guamani tumbaco,FALSE,FALSE
co,min_half_hours,2026-04-27,7,5,guamani tumbaco,FALSE,FALSE
co,min_half_hours,2026-05-04,7,5,guamani tumbaco,FALSE,FALSE
co,min_half_hours,2026-05-11,7,5,guamani tumbaco,FALSE,FALSE
co,min_half_hours,2026-05-18,7,5,guamani tumbaco,FALSE,FALSE
co,min_half_hours,2026-05-25,7,5,guamani tumbaco,FALSE,FALSE
co,min_half_hours,2026-06-01,7,5,guamani tumbaco,FALSE,FALSE
co,min_half_hours,2026-06-08,7,5,guamani tumbaco,FALSE,FALSE
co,min_half_hours,2026-06-15,7,5,guamani tumbaco,FALSE,FALSE
co,min_half_hours,2026-06-22,7,5,guamani tumbaco,FALSE,FALSE
co,min_half_hours,2026-06-29,7,5,guamani tumbaco,FALSE,FALSE
co,min_half_hours,2026-07-06,7,5,guamani tumbaco,FALSE,FALSE
co,min_half_hours,2026-07-13,7,5,guamani tumbaco,FALSE,FALSE
co,min_half_hours,2026-07-20,7,5,guamani tumbaco,FALSE,FALSE
co,min_half_hours,2026-07-27,7,5,guamani tumbaco,FALSE,FALSE
co,min_half_hours,2026-08-03,7,5,guamani tumbaco,FALSE,FALSE
co,min_half_hours,2026-08-10,7,5,guamani tumbaco,FALSE,FALSE
co,min_half_hours,2026-08-17,7,5,guamani tumbaco,FALSE,FALSE
co,min_half_hours,2026-08-24,7,5,guamani tumbaco,FALSE,FALSE
co,min_half_hours,2026-08-31,7,5,guamani tumbaco,FALSE,FALSE
no2,current,2022-11-28,7,7,,FALSE,TRUE
no2,current,2022-12-05,7,7,,FALSE,TRUE
no2,current,2022-12-12,7,7,,FALSE,TRUE
no2,current,2022-12-19,7,7,,FALSE,TRUE
no2,current,2022-12-26,7,7,,FALSE,TRUE
no2,current,2023-01-02,7,7,,FALSE,TRUE
no2,current,2023-01-09,7,7,,FALSE,TRUE
no2,current,2023-01-16,7,7,,FALSE,TRUE
no2,current,2023-01-23,7,7,,FALSE,TRUE
no2,current,2023-01-30,7,7,,FALSE,TRUE
no2,current,2023-02-06,7,7,,FALSE,TRUE
no2,current,2023-02-13,7,7,,FALSE,TRUE
no2,current,2023-02-20,7,7,,FALSE,TRUE
no2,current,2023-02-27,7,7,,FALSE,TRUE
no2,current,2023-03-06,7,7,,FALSE,TRUE
no2,current,2023-03-13,7,7,,FALSE,TRUE
no2,current,2023-03-20,7,7,,FALSE,TRUE
no2,current,2023-03-27,7,7,,FALSE,TRUE
no2,current,2023-04-03,7,7,,FALSE,TRUE
no2,current,2023-04-10,7,7,,FALSE,TRUE
no2,current,2023-04-17,7,7,,FALSE,TRUE
no2,current,2023-04-24,7,7,,FALSE,TRUE
no2,current,2023-05-01,7,7,,FALSE,TRUE
no2,current,2023-05-08,7,7,,FALSE,TRUE
no2,current,2023-05-15,7,7,,FALSE,TRUE
no2,current,2023-05-22,7,7,,FALSE,TRUE
no2,current,2023-05-29,7,7,,FALSE,TRUE
no2,current,2023-06-05,7,7,,FALSE,TRUE
no2,current,2023-06-12,7,7,,FALSE,TRUE
no2,current,2023-06-19,7,7,,FALSE,TRUE
no2,current,2023-06-26,7,7,,FALSE,TRUE
no2,current,2023-07-03,7,7,,FALSE,TRUE
no2,current,2023-07-10,7,7,,FALSE,TRUE
no2,current,2023-07-17,7,7,,FALSE,TRUE
no2,current,2023-07-24,7,7,,FALSE,TRUE
no2,current,2023-07-31,7,7,,FALSE,TRUE
no2,current,2023-08-07,7,7,,FALSE,TRUE
no2,current,2023-08-14,7,7,,FALSE,TRUE
no2,current,2023-08-21,7,7,,FALSE,TRUE
no2,current,2023-08-28,7,7,,FALSE,TRUE
no2,current,2023-09-04,7,7,,FALSE,TRUE
no2,current,2023-09-11,7,7,,FALSE,TRUE
no2,current,2023-09-18,7,7,,FALSE,TRUE
no2,current,2023-09-25,7,7,,FALSE,TRUE
no2,current,2023-10-02,7,7,,FALSE,TRUE
no2,current,2023-10-09,7,7,,FALSE,TRUE
no2,current,2023-10-16,7,7,,FALSE,TRUE
no2,current,2023-10-23,7,7,,FALSE,TRUE
no2,current,2023-10-30,7,7,,FALSE,TRUE
no2,current,2023-11-06,7,7,,FALSE,TRUE
no2,current,2023-11-13,7,7,,FALSE,TRUE
no2,current,2023-11-20,7,7,,FALSE,TRUE
no2,current,2023-11-27,7,7,,FALSE,TRUE
no2,current,2023-12-04,7,7,,FALSE,TRUE
no2,current,2023-12-11,7,7,,FALSE,TRUE
no2,current,2023-12-18,7,7,,FALSE,TRUE
no2,current,2023-12-25,7,7,,FALSE,TRUE
no2,current,2024-01-01,7,7,,FALSE,TRUE
no2,current,2024-01-08,7,7,,FALSE,TRUE
no2,current,2024-01-15,7,7,,FALSE,TRUE
no2,current,2024-01-22,7,7,,FALSE,TRUE
no2,current,2024-01-29,7,7,,FALSE,TRUE
no2,current,2024-02-05,7,7,,FALSE,TRUE
no2,current,2024-02-12,7,7,,FALSE,TRUE
no2,current,2024-02-19,7,7,,FALSE,TRUE
no2,current,2024-02-26,7,7,,FALSE,TRUE
no2,current,2024-03-04,7,7,,FALSE,TRUE
no2,current,2024-03-11,7,7,,FALSE,TRUE
no2,current,2024-03-18,7,7,,FALSE,TRUE
no2,current,2024-03-25,7,7,,FALSE,TRUE
no2,current,2024-04-01,7,7,,FALSE,TRUE
no2,current,2024-04-08,7,7,,FALSE,TRUE
no2,current,2024-04-15,7,7,,FALSE,TRUE
no2,current,2024-04-22,7,7,,FALSE,TRUE
no2,current,2024-04-29,7,7,,FALSE,TRUE
no2,current,2024-05-06,7,7,,FALSE,TRUE
no2,current,2024-05-13,7,7,,FALSE,TRUE
no2,current,2024-05-20,7,7,,FALSE,TRUE
no2,current,2024-05-27,7,7,,FALSE,TRUE
no2,current,2024-06-03,7,7,,FALSE,TRUE
no2,current,2024-06-10,7,7,,FALSE,TRUE
no2,current,2024-06-17,7,7,,FALSE,TRUE
no2,current,2024-06-24,7,7,,FALSE,TRUE
no2,current,2024-07-01,7,7,,FALSE,TRUE
no2,current,2024-07-08,7,7,,FALSE,TRUE
no2,current,2024-07-15,7,7,,FALSE,TRUE
no2,current,2024-07-22,7,7,,FALSE,TRUE
no2,current,2024-07-29,7,7,,FALSE,TRUE
no2,current,2024-08-05,7,7,,FALSE,TRUE
no2,current,2024-08-12,7,7,,FALSE,TRUE
no2,current,2024-08-19,7,7,,FALSE,TRUE
no2,current,2024-08-26,7,7,,FALSE,TRUE
no2,current,2024-09-02,7,7,,FALSE,TRUE
no2,current,2024-09-09,7,7,,FALSE,TRUE
no2,current,2024-09-16,7,7,,FALSE,TRUE
no2,current,2024-09-23,7,7,,FALSE,TRUE
no2,current,2024-09-30,7,7,,FALSE,TRUE
no2,current,2024-10-07,7,7,,FALSE,TRUE
no2,current,2024-10-14,7,7,,FALSE,TRUE
no2,current,2024-10-21,7,7,,FALSE,TRUE
no2,current,2024-10-28,7,7,,FALSE,TRUE
no2,current,2024-11-04,7,7,,FALSE,TRUE
no2,current,2024-11-11,7,7,,FALSE,TRUE
no2,current,2024-11-18,7,7,,FALSE,TRUE
no2,current,2024-11-25,7,7,,FALSE,TRUE
no2,current,2024-12-02,7,7,,FALSE,TRUE
no2,current,2024-12-09,7,7,,FALSE,TRUE
no2,current,2024-12-16,7,7,,FALSE,TRUE
no2,current,2024-12-23,7,7,,FALSE,TRUE
no2,current,2024-12-30,7,7,,FALSE,TRUE
no2,current,2025-01-06,7,7,,FALSE,TRUE
no2,current,2025-01-13,7,7,,FALSE,TRUE
no2,current,2025-01-20,7,7,,FALSE,TRUE
no2,current,2025-01-27,7,7,,FALSE,TRUE
no2,current,2025-02-03,7,7,,FALSE,TRUE
no2,current,2025-02-10,7,7,,FALSE,TRUE
no2,current,2025-02-17,7,7,,FALSE,TRUE
no2,current,2025-02-24,7,7,,FALSE,TRUE
no2,current,2025-03-03,7,7,,FALSE,TRUE
no2,current,2025-03-10,7,7,,FALSE,TRUE
no2,current,2025-03-17,7,7,,FALSE,TRUE
no2,current,2025-03-24,7,7,,FALSE,TRUE
no2,current,2025-03-31,7,7,,FALSE,TRUE
no2,current,2025-04-07,7,7,,FALSE,TRUE
no2,current,2025-04-14,7,7,,FALSE,TRUE
no2,current,2025-04-21,7,7,,FALSE,TRUE
no2,current,2025-04-28,7,7,,FALSE,TRUE
no2,current,2025-05-05,7,7,,FALSE,TRUE
no2,current,2025-05-12,7,7,,FALSE,TRUE
no2,current,2025-05-19,7,7,,FALSE,TRUE
no2,current,2025-05-26,7,7,,FALSE,TRUE
no2,current,2025-06-02,7,7,,FALSE,TRUE
no2,current,2025-06-09,7,7,,FALSE,TRUE
no2,current,2025-06-16,7,7,,FALSE,TRUE
no2,current,2025-06-23,7,6,guamani,FALSE,FALSE
no2,current,2025-06-30,7,6,guamani,FALSE,FALSE
no2,current,2025-07-07,7,6,guamani,FALSE,FALSE
no2,current,2025-07-14,7,6,guamani,FALSE,FALSE
no2,current,2025-07-21,7,6,guamani,FALSE,FALSE
no2,current,2025-07-28,7,6,guamani,FALSE,FALSE
no2,current,2025-08-04,7,6,guamani,FALSE,FALSE
no2,current,2025-08-11,7,5,centro guamani,FALSE,FALSE
no2,current,2025-08-18,7,5,centro guamani,FALSE,FALSE
no2,current,2025-08-25,7,5,centro guamani,FALSE,FALSE
no2,current,2025-09-01,7,6,guamani,FALSE,FALSE
no2,current,2025-09-08,7,6,guamani,FALSE,FALSE
no2,current,2025-09-15,7,6,guamani,FALSE,FALSE
no2,current,2025-09-22,7,6,guamani,FALSE,FALSE
no2,current,2025-09-29,7,6,guamani,FALSE,FALSE
no2,current,2025-10-06,7,6,guamani,FALSE,FALSE
no2,current,2025-10-13,7,6,guamani,FALSE,FALSE
no2,current,2025-10-20,7,6,guamani,FALSE,FALSE
no2,current,2025-10-27,7,6,guamani,FALSE,FALSE
no2,current,2025-11-03,7,6,guamani,FALSE,FALSE
no2,current,2025-11-10,7,6,guamani,FALSE,FALSE
no2,current,2025-11-17,7,6,guamani,FALSE,FALSE
no2,current,2025-11-24,7,5,guamani loschillos,FALSE,FALSE
no2,current,2025-12-01,7,5,guamani loschillos,FALSE,FALSE
no2,current,2025-12-08,7,4,centro guamani loschillos,FALSE,FALSE
no2,current,2025-12-15,7,4,centro guamani loschillos,FALSE,FALSE
no2,current,2025-12-22,7,4,centro guamani loschillos,FALSE,FALSE
no2,current,2025-12-29,7,4,centro guamani loschillos,FALSE,FALSE
no2,current,2026-01-05,7,4,centro guamani loschillos,FALSE,FALSE
no2,current,2026-01-12,7,4,centro guamani loschillos,FALSE,FALSE
no2,current,2026-01-19,7,4,centro guamani loschillos,FALSE,FALSE
no2,current,2026-01-26,7,4,centro guamani loschillos,FALSE,FALSE
no2,current,2026-02-02,7,4,centro guamani loschillos,FALSE,FALSE
no2,current,2026-02-09,7,4,centro guamani loschillos,FALSE,FALSE
no2,current,2026-02-16,7,4,centro guamani loschillos,FALSE,FALSE
no2,current,2026-02-23,7,5,centro guamani,FALSE,FALSE
no2,current,2026-03-02,7,6,guamani,FALSE,FALSE
no2,current,2026-03-09,7,6,guamani,FALSE,FALSE
no2,current,2026-03-16,7,6,guamani,FALSE,FALSE
no2,current,2026-03-23,7,6,guamani,FALSE,FALSE
no2,current,2026-03-30,7,6,guamani,FALSE,FALSE
no2,current,2026-04-06,7,6,guamani,FALSE,FALSE
no2,current,2026-04-13,7,6,guamani,FALSE,FALSE
no2,current,2026-04-20,7,6,guamani,FALSE,FALSE
no2,current,2026-04-27,7,6,guamani,FALSE,FALSE
no2,current,2026-05-04,7,6,guamani,FALSE,FALSE
no2,current,2026-05-11,7,6,guamani,FALSE,FALSE
no2,current,2026-05-18,7,6,guamani,FALSE,FALSE
no2,current,2026-05-25,7,6,guamani,FALSE,FALSE
no2,current,2026-06-01,7,6,guamani,FALSE,FALSE
no2,current,2026-06-08,7,6,guamani,FALSE,FALSE
no2,current,2026-06-15,7,6,guamani,FALSE,FALSE
no2,current,2026-06-22,7,6,guamani,FALSE,FALSE
no2,current,2026-06-29,7,6,guamani,FALSE,FALSE
no2,current,2026-07-06,7,6,guamani,FALSE,FALSE
no2,current,2026-07-13,7,6,guamani,FALSE,FALSE
no2,current,2026-07-20,7,6,guamani,FALSE,FALSE
no2,current,2026-07-27,7,6,guamani,FALSE,FALSE
no2,current,2026-08-03,7,6,guamani,FALSE,FALSE
no2,current,2026-08-10,7,7,,FALSE,TRUE
no2,current,2026-08-17,7,7,,FALSE,TRUE
no2,current,2026-08-24,7,7,,FALSE,TRUE
no2,current,2026-08-31,7,6,guamani,FALSE,FALSE
no2,min_half_hours,2022-11-28,7,7,,FALSE,TRUE
no2,min_half_hours,2022-12-05,7,7,,FALSE,TRUE
no2,min_half_hours,2022-12-12,7,7,,FALSE,TRUE
no2,min_half_hours,2022-12-19,7,7,,FALSE,TRUE
no2,min_half_hours,2022-12-26,7,7,,FALSE,TRUE
no2,min_half_hours,2023-01-02,7,7,,FALSE,TRUE
no2,min_half_hours,2023-01-09,7,7,,FALSE,TRUE
no2,min_half_hours,2023-01-16,7,7,,FALSE,TRUE
no2,min_half_hours,2023-01-23,7,7,,FALSE,TRUE
no2,min_half_hours,2023-01-30,7,7,,FALSE,TRUE
no2,min_half_hours,2023-02-06,7,7,,FALSE,TRUE
no2,min_half_hours,2023-02-13,7,7,,FALSE,TRUE
no2,min_half_hours,2023-02-20,7,7,,FALSE,TRUE
no2,min_half_hours,2023-02-27,7,7,,FALSE,TRUE
no2,min_half_hours,2023-03-06,7,7,,FALSE,TRUE
no2,min_half_hours,2023-03-13,7,7,,FALSE,TRUE
no2,min_half_hours,2023-03-20,7,7,,FALSE,TRUE
no2,min_half_hours,2023-03-27,7,7,,FALSE,TRUE
no2,min_half_hours,2023-04-03,7,7,,FALSE,TRUE
no2,min_half_hours,2023-04-10,7,7,,FALSE,TRUE
no2,min_half_hours,2023-04-17,7,7,,FALSE,TRUE
no2,min_half_hours,2023-04-24,7,7,,FALSE,TRUE
no2,min_half_hours,2023-05-01,7,7,,FALSE,TRUE
no2,min_half_hours,2023-05-08,7,7,,FALSE,TRUE
no2,min_half_hours,2023-05-15,7,7,,FALSE,TRUE
no2,min_half_hours,2023-05-22,7,7,,FALSE,TRUE
no2,min_half_hours,2023-05-29,7,7,,FALSE,TRUE
no2,min_half_hours,2023-06-05,7,7,,FALSE,TRUE
no2,min_half_hours,2023-06-12,7,7,,FALSE,TRUE
no2,min_half_hours,2023-06-19,7,7,,FALSE,TRUE
no2,min_half_hours,2023-06-26,7,7,,FALSE,TRUE
no2,min_half_hours,2023-07-03,7,7,,FALSE,TRUE
no2,min_half_hours,2023-07-10,7,7,,FALSE,TRUE
no2,min_half_hours,2023-07-17,7,7,,FALSE,TRUE
no2,min_half_hours,2023-07-24,7,7,,FALSE,TRUE
no2,min_half_hours,2023-07-31,7,7,,FALSE,TRUE
no2,min_half_hours,2023-08-07,7,7,,FALSE,TRUE
no2,min_half_hours,2023-08-14,7,7,,FALSE,TRUE
no2,min_half_hours,2023-08-21,7,7,,FALSE,TRUE
no2,min_half_hours,2023-08-28,7,7,,FALSE,TRUE
no2,min_half_hours,2023-09-04,7,7,,FALSE,TRUE
no2,min_half_hours,2023-09-11,7,7,,FALSE,TRUE
no2,min_half_hours,2023-09-18,7,7,,FALSE,TRUE
no2,min_half_hours,2023-09-25,7,7,,FALSE,TRUE
no2,min_half_hours,2023-10-02,7,7,,FALSE,TRUE
no2,min_half_hours,2023-10-09,7,7,,FALSE,TRUE
no2,min_half_hours,2023-10-16,7,7,,FALSE,TRUE
no2,min_half_hours,2023-10-23,7,7,,FALSE,TRUE
no2,min_half_hours,2023-10-30,7,7,,FALSE,TRUE
no2,min_half_hours,2023-11-06,7,7,,FALSE,TRUE
no2,min_half_hours,2023-11-13,7,7,,FALSE,TRUE
no2,min_half_hours,2023-11-20,7,7,,FALSE,TRUE
no2,min_half_hours,2023-11-27,7,7,,FALSE,TRUE
no2,min_half_hours,2023-12-04,7,7,,FALSE,TRUE
no2,min_half_hours,2023-12-11,7,7,,FALSE,TRUE
no2,min_half_hours,2023-12-18,7,7,,FALSE,TRUE
no2,min_half_hours,2023-12-25,7,7,,FALSE,TRUE
no2,min_half_hours,2024-01-01,7,7,,FALSE,TRUE
no2,min_half_hours,2024-01-08,7,7,,FALSE,TRUE
no2,min_half_hours,2024-01-15,7,7,,FALSE,TRUE
no2,min_half_hours,2024-01-22,7,7,,FALSE,TRUE
no2,min_half_hours,2024-01-29,7,7,,FALSE,TRUE
no2,min_half_hours,2024-02-05,7,7,,FALSE,TRUE
no2,min_half_hours,2024-02-12,7,7,,FALSE,TRUE
no2,min_half_hours,2024-02-19,7,7,,FALSE,TRUE
no2,min_half_hours,2024-02-26,7,7,,FALSE,TRUE
no2,min_half_hours,2024-03-04,7,7,,FALSE,TRUE
no2,min_half_hours,2024-03-11,7,7,,FALSE,TRUE
no2,min_half_hours,2024-03-18,7,7,,FALSE,TRUE
no2,min_half_hours,2024-03-25,7,7,,FALSE,TRUE
no2,min_half_hours,2024-04-01,7,7,,FALSE,TRUE
no2,min_half_hours,2024-04-08,7,7,,FALSE,TRUE
no2,min_half_hours,2024-04-15,7,7,,FALSE,TRUE
no2,min_half_hours,2024-04-22,7,7,,FALSE,TRUE
no2,min_half_hours,2024-04-29,7,7,,FALSE,TRUE
no2,min_half_hours,2024-05-06,7,7,,FALSE,TRUE
no2,min_half_hours,2024-05-13,7,7,,FALSE,TRUE
no2,min_half_hours,2024-05-20,7,7,,FALSE,TRUE
no2,min_half_hours,2024-05-27,7,7,,FALSE,TRUE
no2,min_half_hours,2024-06-03,7,7,,FALSE,TRUE
no2,min_half_hours,2024-06-10,7,7,,FALSE,TRUE
no2,min_half_hours,2024-06-17,7,7,,FALSE,TRUE
no2,min_half_hours,2024-06-24,7,7,,FALSE,TRUE
no2,min_half_hours,2024-07-01,7,7,,FALSE,TRUE
no2,min_half_hours,2024-07-08,7,7,,FALSE,TRUE
no2,min_half_hours,2024-07-15,7,7,,FALSE,TRUE
no2,min_half_hours,2024-07-22,7,7,,FALSE,TRUE
no2,min_half_hours,2024-07-29,7,7,,FALSE,TRUE
no2,min_half_hours,2024-08-05,7,7,,FALSE,TRUE
no2,min_half_hours,2024-08-12,7,7,,FALSE,TRUE
no2,min_half_hours,2024-08-19,7,7,,FALSE,TRUE
no2,min_half_hours,2024-08-26,7,7,,FALSE,TRUE
no2,min_half_hours,2024-09-02,7,7,,FALSE,TRUE
no2,min_half_hours,2024-09-09,7,7,,FALSE,TRUE
no2,min_half_hours,2024-09-16,7,7,,FALSE,TRUE
no2,min_half_hours,2024-09-23,7,7,,FALSE,TRUE
no2,min_half_hours,2024-09-30,7,7,,FALSE,TRUE
no2,min_half_hours,2024-10-07,7,7,,FALSE,TRUE
no2,min_half_hours,2024-10-14,7,7,,FALSE,TRUE
no2,min_half_hours,2024-10-21,7,7,,FALSE,TRUE
no2,min_half_hours,2024-10-28,7,7,,FALSE,TRUE
no2,min_half_hours,2024-11-04,7,7,,FALSE,TRUE
no2,min_half_hours,2024-11-11,7,7,,FALSE,TRUE
no2,min_half_hours,2024-11-18,7,7,,FALSE,TRUE
no2,min_half_hours,2024-11-25,7,7,,FALSE,TRUE
no2,min_half_hours,2024-12-02,7,7,,FALSE,TRUE
no2,min_half_hours,2024-12-09,7,7,,FALSE,TRUE
no2,min_half_hours,2024-12-16,7,7,,FALSE,TRUE
no2,min_half_hours,2024-12-23,7,7,,FALSE,TRUE
no2,min_half_hours,2024-12-30,7,7,,FALSE,TRUE
no2,min_half_hours,2025-01-06,7,7,,FALSE,TRUE
no2,min_half_hours,2025-01-13,7,7,,FALSE,TRUE
no2,min_half_hours,2025-01-20,7,7,,FALSE,TRUE
no2,min_half_hours,2025-01-27,7,7,,FALSE,TRUE
no2,min_half_hours,2025-02-03,7,7,,FALSE,TRUE
no2,min_half_hours,2025-02-10,7,7,,FALSE,TRUE
no2,min_half_hours,2025-02-17,7,7,,FALSE,TRUE
no2,min_half_hours,2025-02-24,7,7,,FALSE,TRUE
no2,min_half_hours,2025-03-03,7,7,,FALSE,TRUE
no2,min_half_hours,2025-03-10,7,6,carapungo,FALSE,FALSE
no2,min_half_hours,2025-03-17,7,6,carapungo,FALSE,FALSE
no2,min_half_hours,2025-03-24,7,6,carapungo,FALSE,FALSE
no2,min_half_hours,2025-03-31,7,7,,FALSE,TRUE
no2,min_half_hours,2025-04-07,7,7,,FALSE,TRUE
no2,min_half_hours,2025-04-14,7,7,,FALSE,TRUE
no2,min_half_hours,2025-04-21,7,7,,FALSE,TRUE
no2,min_half_hours,2025-04-28,7,7,,FALSE,TRUE
no2,min_half_hours,2025-05-05,7,7,,FALSE,TRUE
no2,min_half_hours,2025-05-12,7,7,,FALSE,TRUE
no2,min_half_hours,2025-05-19,7,7,,FALSE,TRUE
no2,min_half_hours,2025-05-26,7,7,,FALSE,TRUE
no2,min_half_hours,2025-06-02,7,7,,FALSE,TRUE
no2,min_half_hours,2025-06-09,7,7,,FALSE,TRUE
no2,min_half_hours,2025-06-16,7,6,guamani,FALSE,FALSE
no2,min_half_hours,2025-06-23,7,6,guamani,FALSE,FALSE
no2,min_half_hours,2025-06-30,7,6,guamani,FALSE,FALSE
no2,min_half_hours,2025-07-07,7,6,guamani,FALSE,FALSE
no2,min_half_hours,2025-07-14,7,6,guamani,FALSE,FALSE
no2,min_half_hours,2025-07-21,7,5,centro guamani,FALSE,FALSE
no2,min_half_hours,2025-07-28,7,5,centro guamani,FALSE,FALSE
no2,min_half_hours,2025-08-04,7,5,centro guamani,FALSE,FALSE
no2,min_half_hours,2025-08-11,7,5,centro guamani,FALSE,FALSE
no2,min_half_hours,2025-08-18,7,5,centro guamani,FALSE,FALSE
no2,min_half_hours,2025-08-25,7,5,centro guamani,FALSE,FALSE
no2,min_half_hours,2025-09-01,7,5,centro guamani,FALSE,FALSE
no2,min_half_hours,2025-09-08,7,6,guamani,FALSE,FALSE
no2,min_half_hours,2025-09-15,7,6,guamani,FALSE,FALSE
no2,min_half_hours,2025-09-22,7,6,guamani,FALSE,FALSE
no2,min_half_hours,2025-09-29,7,6,guamani,FALSE,FALSE
no2,min_half_hours,2025-10-06,7,6,guamani,FALSE,FALSE
no2,min_half_hours,2025-10-13,7,6,guamani,FALSE,FALSE
no2,min_half_hours,2025-10-20,7,6,guamani,FALSE,FALSE
no2,min_half_hours,2025-10-27,7,6,guamani,FALSE,FALSE
no2,min_half_hours,2025-11-03,7,5,centro guamani,FALSE,FALSE
no2,min_half_hours,2025-11-10,7,5,centro guamani,FALSE,FALSE
no2,min_half_hours,2025-11-17,7,4,centro guamani loschillos,FALSE,FALSE
no2,min_half_hours,2025-11-24,7,4,centro guamani loschillos,FALSE,FALSE
no2,min_half_hours,2025-12-01,7,4,centro guamani loschillos,FALSE,FALSE
no2,min_half_hours,2025-12-08,7,4,centro guamani loschillos,FALSE,FALSE
no2,min_half_hours,2025-12-15,7,4,centro guamani loschillos,FALSE,FALSE
no2,min_half_hours,2025-12-22,7,4,centro guamani loschillos,FALSE,FALSE
no2,min_half_hours,2025-12-29,7,4,centro guamani loschillos,FALSE,FALSE
no2,min_half_hours,2026-01-05,7,4,centro guamani loschillos,FALSE,FALSE
no2,min_half_hours,2026-01-12,7,4,centro guamani loschillos,FALSE,FALSE
no2,min_half_hours,2026-01-19,7,4,centro guamani loschillos,FALSE,FALSE
no2,min_half_hours,2026-01-26,7,4,centro guamani loschillos,FALSE,FALSE
no2,min_half_hours,2026-02-02,7,4,centro guamani loschillos,FALSE,FALSE
no2,min_half_hours,2026-02-09,7,4,centro guamani loschillos,FALSE,FALSE
no2,min_half_hours,2026-02-16,7,4,centro guamani loschillos,FALSE,FALSE
no2,min_half_hours,2026-02-23,7,4,centro guamani loschillos,FALSE,FALSE
no2,min_half_hours,2026-03-02,7,5,centro guamani,FALSE,FALSE
no2,min_half_hours,2026-03-09,7,6,guamani,FALSE,FALSE
no2,min_half_hours,2026-03-16,7,6,guamani,FALSE,FALSE
no2,min_half_hours,2026-03-23,7,6,guamani,FALSE,FALSE
no2,min_half_hours,2026-03-30,7,6,guamani,FALSE,FALSE
no2,min_half_hours,2026-04-06,7,6,guamani,FALSE,FALSE
no2,min_half_hours,2026-04-13,7,6,guamani,FALSE,FALSE
no2,min_half_hours,2026-04-20,7,6,guamani,FALSE,FALSE
no2,min_half_hours,2026-04-27,7,6,guamani,FALSE,FALSE
no2,min_half_hours,2026-05-04,7,6,guamani,FALSE,FALSE
no2,min_half_hours,2026-05-11,7,6,guamani,FALSE,FALSE
no2,min_half_hours,2026-05-18,7,6,guamani,FALSE,FALSE
no2,min_half_hours,2026-05-25,7,6,guamani,FALSE,FALSE
no2,min_half_hours,2026-06-01,7,6,guamani,FALSE,FALSE
no2,min_half_hours,2026-06-08,7,6,guamani,FALSE,FALSE
no2,min_half_hours,2026-06-15,7,6,guamani,FALSE,FALSE
no2,min_half_hours,2026-06-22,7,6,guamani,FALSE,FALSE
no2,min_half_hours,2026-06-29,7,6,guamani,FALSE,FALSE
no2,min_half_hours,2026-07-06,7,6,guamani,FALSE,FALSE
no2,min_half_hours,2026-07-13,7,6,guamani,FALSE,FALSE
no2,min_half_hours,2026-07-20,7,6,guamani,FALSE,FALSE
no2,min_half_hours,2026-07-27,7,6,guamani,FALSE,FALSE
no2,min_half_hours,2026-08-03,7,6,guamani,FALSE,FALSE
no2,min_half_hours,2026-08-10,7,7,,FALSE,TRUE
no2,min_half_hours,2026-08-17,7,7,,FALSE,TRUE
no2,min_half_hours,2026-08-24,7,7,,FALSE,TRUE
no2,min_half_hours,2026-08-31,7,6,guamani,FALSE,FALSE
so2,current,2022-11-28,7,7,,FALSE,TRUE
so2,current,2022-12-05,7,7,,FALSE,TRUE
so2,current,2022-12-12,7,7,,FALSE,TRUE
so2,current,2022-12-19,7,7,,FALSE,TRUE
so2,current,2022-12-26,7,7,,FALSE,TRUE
so2,current,2023-01-02,7,7,,FALSE,TRUE
so2,current,2023-01-09,7,7,,FALSE,TRUE
so2,current,2023-01-16,7,7,,FALSE,TRUE
so2,current,2023-01-23,7,7,,FALSE,TRUE
so2,current,2023-01-30,7,7,,FALSE,TRUE
so2,current,2023-02-06,7,7,,FALSE,TRUE
so2,current,2023-02-13,7,7,,FALSE,TRUE
so2,current,2023-02-20,7,7,,FALSE,TRUE
so2,current,2023-02-27,7,7,,FALSE,TRUE
so2,current,2023-03-06,7,7,,FALSE,TRUE
so2,current,2023-03-13,7,7,,FALSE,TRUE
so2,current,2023-03-20,7,7,,FALSE,TRUE
so2,current,2023-03-27,7,7,,FALSE,TRUE
so2,current,2023-04-03,7,7,,FALSE,TRUE
so2,current,2023-04-10,7,7,,FALSE,TRUE
so2,current,2023-04-17,7,7,,FALSE,TRUE
so2,current,2023-04-24,7,7,,FALSE,TRUE
so2,current,2023-05-01,7,7,,FALSE,TRUE
so2,current,2023-05-08,7,7,,FALSE,TRUE
so2,current,2023-05-15,7,7,,FALSE,TRUE
so2,current,2023-05-22,7,7,,FALSE,TRUE
so2,current,2023-05-29,7,7,,FALSE,TRUE
so2,current,2023-06-05,7,7,,FALSE,TRUE
so2,current,2023-06-12,7,7,,FALSE,TRUE
so2,current,2023-06-19,7,7,,FALSE,TRUE
so2,current,2023-06-26,7,7,,FALSE,TRUE
so2,current,2023-07-03,7,7,,FALSE,TRUE
so2,current,2023-07-10,7,7,,FALSE,TRUE
so2,current,2023-07-17,7,7,,FALSE,TRUE
so2,current,2023-07-24,7,7,,FALSE,TRUE
so2,current,2023-07-31,7,7,,FALSE,TRUE
so2,current,2023-08-07,7,7,,FALSE,TRUE
so2,current,2023-08-14,7,7,,FALSE,TRUE
so2,current,2023-08-21,7,7,,FALSE,TRUE
so2,current,2023-08-28,7,7,,FALSE,TRUE
so2,current,2023-09-04,7,7,,FALSE,TRUE
so2,current,2023-09-11,7,7,,FALSE,TRUE
so2,current,2023-09-18,7,7,,FALSE,TRUE
so2,current,2023-09-25,7,7,,FALSE,TRUE
so2,current,2023-10-02,7,7,,FALSE,TRUE
so2,current,2023-10-09,7,7,,FALSE,TRUE
so2,current,2023-10-16,7,7,,FALSE,TRUE
so2,current,2023-10-23,7,7,,FALSE,TRUE
so2,current,2023-10-30,7,7,,FALSE,TRUE
so2,current,2023-11-06,7,7,,FALSE,TRUE
so2,current,2023-11-13,7,7,,FALSE,TRUE
so2,current,2023-11-20,7,7,,FALSE,TRUE
so2,current,2023-11-27,7,7,,FALSE,TRUE
so2,current,2023-12-04,7,7,,FALSE,TRUE
so2,current,2023-12-11,7,7,,FALSE,TRUE
so2,current,2023-12-18,7,7,,FALSE,TRUE
so2,current,2023-12-25,7,7,,FALSE,TRUE
so2,current,2024-01-01,7,7,,FALSE,TRUE
so2,current,2024-01-08,7,7,,FALSE,TRUE
so2,current,2024-01-15,7,7,,FALSE,TRUE
so2,current,2024-01-22,7,7,,FALSE,TRUE
so2,current,2024-01-29,7,7,,FALSE,TRUE
so2,current,2024-02-05,7,7,,FALSE,TRUE
so2,current,2024-02-12,7,7,,FALSE,TRUE
so2,current,2024-02-19,7,7,,FALSE,TRUE
so2,current,2024-02-26,7,7,,FALSE,TRUE
so2,current,2024-03-04,7,7,,FALSE,TRUE
so2,current,2024-03-11,7,7,,FALSE,TRUE
so2,current,2024-03-18,7,7,,FALSE,TRUE
so2,current,2024-03-25,7,7,,FALSE,TRUE
so2,current,2024-04-01,7,7,,FALSE,TRUE
so2,current,2024-04-08,7,7,,FALSE,TRUE
so2,current,2024-04-15,7,7,,FALSE,TRUE
so2,current,2024-04-22,7,7,,FALSE,TRUE
so2,current,2024-04-29,7,7,,FALSE,TRUE
so2,current,2024-05-06,7,7,,FALSE,TRUE
so2,current,2024-05-13,7,7,,FALSE,TRUE
so2,current,2024-05-20,7,7,,FALSE,TRUE
so2,current,2024-05-27,7,7,,FALSE,TRUE
so2,current,2024-06-03,7,7,,FALSE,TRUE
so2,current,2024-06-10,7,7,,FALSE,TRUE
so2,current,2024-06-17,7,7,,FALSE,TRUE
so2,current,2024-06-24,7,7,,FALSE,TRUE
so2,current,2024-07-01,7,7,,FALSE,TRUE
so2,current,2024-07-08,7,7,,FALSE,TRUE
so2,current,2024-07-15,7,7,,FALSE,TRUE
so2,current,2024-07-22,7,7,,FALSE,TRUE
so2,current,2024-07-29,7,7,,FALSE,TRUE
so2,current,2024-08-05,7,7,,FALSE,TRUE
so2,current,2024-08-12,7,7,,FALSE,TRUE
so2,current,2024-08-19,7,7,,FALSE,TRUE
so2,current,2024-08-26,7,7,,FALSE,TRUE
so2,current,2024-09-02,7,7,,FALSE,TRUE
so2,current,2024-09-09,7,7,,FALSE,TRUE
so2,current,2024-09-16,7,7,,FALSE,TRUE
so2,current,2024-09-23,7,7,,FALSE,TRUE
so2,current,2024-09-30,7,7,,FALSE,TRUE
so2,current,2024-10-07,7,7,,FALSE,TRUE
so2,current,2024-10-14,7,7,,FALSE,TRUE
so2,current,2024-10-21,7,7,,FALSE,TRUE
so2,current,2024-10-28,7,7,,FALSE,TRUE
so2,current,2024-11-04,7,7,,FALSE,TRUE
so2,current,2024-11-11,7,7,,FALSE,TRUE
so2,current,2024-11-18,7,7,,FALSE,TRUE
so2,current,2024-11-25,7,7,,FALSE,TRUE
so2,current,2024-12-02,7,7,,FALSE,TRUE
so2,current,2024-12-09,7,7,,FALSE,TRUE
so2,current,2024-12-16,7,7,,FALSE,TRUE
so2,current,2024-12-23,7,7,,FALSE,TRUE
so2,current,2024-12-30,7,7,,FALSE,TRUE
so2,current,2025-01-06,7,7,,FALSE,TRUE
so2,current,2025-01-13,7,7,,FALSE,TRUE
so2,current,2025-01-20,7,7,,FALSE,TRUE
so2,current,2025-01-27,7,7,,FALSE,TRUE
so2,current,2025-02-03,7,7,,FALSE,TRUE
so2,current,2025-02-10,7,7,,FALSE,TRUE
so2,current,2025-02-17,7,7,,FALSE,TRUE
so2,current,2025-02-24,7,7,,FALSE,TRUE
so2,current,2025-03-03,7,7,,FALSE,TRUE
so2,current,2025-03-10,7,7,,FALSE,TRUE
so2,current,2025-03-17,7,7,,FALSE,TRUE
so2,current,2025-03-24,7,7,,FALSE,TRUE
so2,current,2025-03-31,7,7,,FALSE,TRUE
so2,current,2025-04-07,7,7,,FALSE,TRUE
so2,current,2025-04-14,7,7,,FALSE,TRUE
so2,current,2025-04-21,7,7,,FALSE,TRUE
so2,current,2025-04-28,7,7,,FALSE,TRUE
so2,current,2025-05-05,7,7,,FALSE,TRUE
so2,current,2025-05-12,7,7,,FALSE,TRUE
so2,current,2025-05-19,7,7,,FALSE,TRUE
so2,current,2025-05-26,7,7,,FALSE,TRUE
so2,current,2025-06-02,7,7,,FALSE,TRUE
so2,current,2025-06-09,7,7,,FALSE,TRUE
so2,current,2025-06-16,7,7,,FALSE,TRUE
so2,current,2025-06-23,7,6,guamani,FALSE,FALSE
so2,current,2025-06-30,7,6,guamani,FALSE,FALSE
so2,current,2025-07-07,7,6,guamani,FALSE,FALSE
so2,current,2025-07-14,7,6,guamani,FALSE,FALSE
so2,current,2025-07-21,7,6,guamani,FALSE,FALSE
so2,current,2025-07-28,7,6,guamani,FALSE,FALSE
so2,current,2025-08-04,7,6,guamani,FALSE,FALSE
so2,current,2025-08-11,7,6,guamani,FALSE,FALSE
so2,current,2025-08-18,7,6,guamani,FALSE,FALSE
so2,current,2025-08-25,7,6,guamani,FALSE,FALSE
so2,current,2025-09-01,7,6,guamani,FALSE,FALSE
so2,current,2025-09-08,7,6,guamani,FALSE,FALSE
so2,current,2025-09-15,7,6,guamani,FALSE,FALSE
so2,current,2025-09-22,7,6,guamani,FALSE,FALSE
so2,current,2025-09-29,7,6,guamani,FALSE,FALSE
so2,current,2025-10-06,7,6,guamani,FALSE,FALSE
so2,current,2025-10-13,7,6,guamani,FALSE,FALSE
so2,current,2025-10-20,7,6,guamani,FALSE,FALSE
so2,current,2025-10-27,7,6,guamani,FALSE,FALSE
so2,current,2025-11-03,7,6,guamani,FALSE,FALSE
so2,current,2025-11-10,7,6,guamani,FALSE,FALSE
so2,current,2025-11-17,7,6,guamani,FALSE,FALSE
so2,current,2025-11-24,7,6,guamani,FALSE,FALSE
so2,current,2025-12-01,7,6,guamani,FALSE,FALSE
so2,current,2025-12-08,7,6,guamani,FALSE,FALSE
so2,current,2025-12-15,7,6,guamani,FALSE,FALSE
so2,current,2025-12-22,7,6,guamani,FALSE,FALSE
so2,current,2025-12-29,7,6,guamani,FALSE,FALSE
so2,current,2026-01-05,7,6,guamani,FALSE,FALSE
so2,current,2026-01-12,7,6,guamani,FALSE,FALSE
so2,current,2026-01-19,7,6,guamani,FALSE,FALSE
so2,current,2026-01-26,7,6,guamani,FALSE,FALSE
so2,current,2026-02-02,7,6,guamani,FALSE,FALSE
so2,current,2026-02-09,7,6,guamani,FALSE,FALSE
so2,current,2026-02-16,7,6,guamani,FALSE,FALSE
so2,current,2026-02-23,7,6,guamani,FALSE,FALSE
so2,current,2026-03-02,7,6,guamani,FALSE,FALSE
so2,current,2026-03-09,7,6,guamani,FALSE,FALSE
so2,current,2026-03-16,7,6,guamani,FALSE,FALSE
so2,current,2026-03-23,7,6,guamani,FALSE,FALSE
so2,current,2026-03-30,7,6,guamani,FALSE,FALSE
so2,current,2026-04-06,7,6,guamani,FALSE,FALSE
so2,current,2026-04-13,7,6,guamani,FALSE,FALSE
so2,current,2026-04-20,7,6,guamani,FALSE,FALSE
so2,current,2026-04-27,7,6,guamani,FALSE,FALSE
so2,current,2026-05-04,7,6,guamani,FALSE,FALSE
so2,current,2026-05-11,7,6,guamani,FALSE,FALSE
so2,current,2026-05-18,7,6,guamani,FALSE,FALSE
so2,current,2026-05-25,7,6,guamani,FALSE,FALSE
so2,current,2026-06-01,7,6,guamani,FALSE,FALSE
so2,current,2026-06-08,7,6,guamani,FALSE,FALSE
so2,current,2026-06-15,7,6,guamani,FALSE,FALSE
so2,current,2026-06-22,7,6,guamani,FALSE,FALSE
so2,current,2026-06-29,7,6,guamani,FALSE,FALSE
so2,current,2026-07-06,7,6,guamani,FALSE,FALSE
so2,current,2026-07-13,7,6,guamani,FALSE,FALSE
so2,current,2026-07-20,7,6,guamani,FALSE,FALSE
so2,current,2026-07-27,7,6,guamani,FALSE,FALSE
so2,current,2026-08-03,7,6,guamani,FALSE,FALSE
so2,current,2026-08-10,7,7,,FALSE,TRUE
so2,current,2026-08-17,7,7,,FALSE,TRUE
so2,current,2026-08-24,7,7,,FALSE,TRUE
so2,current,2026-08-31,7,6,tumbaco,FALSE,FALSE
so2,min_half_hours,2022-11-28,7,7,,FALSE,TRUE
so2,min_half_hours,2022-12-05,7,7,,FALSE,TRUE
so2,min_half_hours,2022-12-12,7,7,,FALSE,TRUE
so2,min_half_hours,2022-12-19,7,7,,FALSE,TRUE
so2,min_half_hours,2022-12-26,7,7,,FALSE,TRUE
so2,min_half_hours,2023-01-02,7,7,,FALSE,TRUE
so2,min_half_hours,2023-01-09,7,7,,FALSE,TRUE
so2,min_half_hours,2023-01-16,7,7,,FALSE,TRUE
so2,min_half_hours,2023-01-23,7,7,,FALSE,TRUE
so2,min_half_hours,2023-01-30,7,7,,FALSE,TRUE
so2,min_half_hours,2023-02-06,7,7,,FALSE,TRUE
so2,min_half_hours,2023-02-13,7,7,,FALSE,TRUE
so2,min_half_hours,2023-02-20,7,7,,FALSE,TRUE
so2,min_half_hours,2023-02-27,7,7,,FALSE,TRUE
so2,min_half_hours,2023-03-06,7,7,,FALSE,TRUE
so2,min_half_hours,2023-03-13,7,7,,FALSE,TRUE
so2,min_half_hours,2023-03-20,7,7,,FALSE,TRUE
so2,min_half_hours,2023-03-27,7,7,,FALSE,TRUE
so2,min_half_hours,2023-04-03,7,7,,FALSE,TRUE
so2,min_half_hours,2023-04-10,7,7,,FALSE,TRUE
so2,min_half_hours,2023-04-17,7,7,,FALSE,TRUE
so2,min_half_hours,2023-04-24,7,7,,FALSE,TRUE
so2,min_half_hours,2023-05-01,7,7,,FALSE,TRUE
so2,min_half_hours,2023-05-08,7,7,,FALSE,TRUE
so2,min_half_hours,2023-05-15,7,7,,FALSE,TRUE
so2,min_half_hours,2023-05-22,7,7,,FALSE,TRUE
so2,min_half_hours,2023-05-29,7,7,,FALSE,TRUE
so2,min_half_hours,2023-06-05,7,7,,FALSE,TRUE
so2,min_half_hours,2023-06-12,7,7,,FALSE,TRUE
so2,min_half_hours,2023-06-19,7,7,,FALSE,TRUE
so2,min_half_hours,2023-06-26,7,7,,FALSE,TRUE
so2,min_half_hours,2023-07-03,7,7,,FALSE,TRUE
so2,min_half_hours,2023-07-10,7,7,,FALSE,TRUE
so2,min_half_hours,2023-07-17,7,7,,FALSE,TRUE
so2,min_half_hours,2023-07-24,7,7,,FALSE,TRUE
so2,min_half_hours,2023-07-31,7,7,,FALSE,TRUE
so2,min_half_hours,2023-08-07,7,7,,FALSE,TRUE
so2,min_half_hours,2023-08-14,7,7,,FALSE,TRUE
so2,min_half_hours,2023-08-21,7,7,,FALSE,TRUE
so2,min_half_hours,2023-08-28,7,7,,FALSE,TRUE
so2,min_half_hours,2023-09-04,7,7,,FALSE,TRUE
so2,min_half_hours,2023-09-11,7,7,,FALSE,TRUE
so2,min_half_hours,2023-09-18,7,7,,FALSE,TRUE
so2,min_half_hours,2023-09-25,7,7,,FALSE,TRUE
so2,min_half_hours,2023-10-02,7,7,,FALSE,TRUE
so2,min_half_hours,2023-10-09,7,7,,FALSE,TRUE
so2,min_half_hours,2023-10-16,7,7,,FALSE,TRUE
so2,min_half_hours,2023-10-23,7,7,,FALSE,TRUE
so2,min_half_hours,2023-10-30,7,7,,FALSE,TRUE
so2,min_half_hours,2023-11-06,7,7,,FALSE,TRUE
so2,min_half_hours,2023-11-13,7,7,,FALSE,TRUE
so2,min_half_hours,2023-11-20,7,7,,FALSE,TRUE
so2,min_half_hours,2023-11-27,7,7,,FALSE,TRUE
so2,min_half_hours,2023-12-04,7,7,,FALSE,TRUE
so2,min_half_hours,2023-12-11,7,7,,FALSE,TRUE
so2,min_half_hours,2023-12-18,7,7,,FALSE,TRUE
so2,min_half_hours,2023-12-25,7,7,,FALSE,TRUE
so2,min_half_hours,2024-01-01,7,7,,FALSE,TRUE
so2,min_half_hours,2024-01-08,7,7,,FALSE,TRUE
so2,min_half_hours,2024-01-15,7,7,,FALSE,TRUE
so2,min_half_hours,2024-01-22,7,7,,FALSE,TRUE
so2,min_half_hours,2024-01-29,7,7,,FALSE,TRUE
so2,min_half_hours,2024-02-05,7,7,,FALSE,TRUE
so2,min_half_hours,2024-02-12,7,7,,FALSE,TRUE
so2,min_half_hours,2024-02-19,7,7,,FALSE,TRUE
so2,min_half_hours,2024-02-26,7,7,,FALSE,TRUE
so2,min_half_hours,2024-03-04,7,7,,FALSE,TRUE
so2,min_half_hours,2024-03-11,7,7,,FALSE,TRUE
so2,min_half_hours,2024-03-18,7,7,,FALSE,TRUE
so2,min_half_hours,2024-03-25,7,7,,FALSE,TRUE
so2,min_half_hours,2024-04-01,7,7,,FALSE,TRUE
so2,min_half_hours,2024-04-08,7,7,,FALSE,TRUE
so2,min_half_hours,2024-04-15,7,7,,FALSE,TRUE
so2,min_half_hours,2024-04-22,7,7,,FALSE,TRUE
so2,min_half_hours,2024-04-29,7,7,,FALSE,TRUE
so2,min_half_hours,2024-05-06,7,7,,FALSE,TRUE
so2,min_half_hours,2024-05-13,7,7,,FALSE,TRUE
so2,min_half_hours,2024-05-20,7,7,,FALSE,TRUE
so2,min_half_hours,2024-05-27,7,7,,FALSE,TRUE
so2,min_half_hours,2024-06-03,7,7,,FALSE,TRUE
so2,min_half_hours,2024-06-10,7,7,,FALSE,TRUE
so2,min_half_hours,2024-06-17,7,7,,FALSE,TRUE
so2,min_half_hours,2024-06-24,7,7,,FALSE,TRUE
so2,min_half_hours,2024-07-01,7,7,,FALSE,TRUE
so2,min_half_hours,2024-07-08,7,7,,FALSE,TRUE
so2,min_half_hours,2024-07-15,7,7,,FALSE,TRUE
so2,min_half_hours,2024-07-22,7,7,,FALSE,TRUE
so2,min_half_hours,2024-07-29,7,7,,FALSE,TRUE
so2,min_half_hours,2024-08-05,7,7,,FALSE,TRUE
so2,min_half_hours,2024-08-12,7,7,,FALSE,TRUE
so2,min_half_hours,2024-08-19,7,7,,FALSE,TRUE
so2,min_half_hours,2024-08-26,7,7,,FALSE,TRUE
so2,min_half_hours,2024-09-02,7,7,,FALSE,TRUE
so2,min_half_hours,2024-09-09,7,7,,FALSE,TRUE
so2,min_half_hours,2024-09-16,7,7,,FALSE,TRUE
so2,min_half_hours,2024-09-23,7,7,,FALSE,TRUE
so2,min_half_hours,2024-09-30,7,7,,FALSE,TRUE
so2,min_half_hours,2024-10-07,7,7,,FALSE,TRUE
so2,min_half_hours,2024-10-14,7,7,,FALSE,TRUE
so2,min_half_hours,2024-10-21,7,7,,FALSE,TRUE
so2,min_half_hours,2024-10-28,7,7,,FALSE,TRUE
so2,min_half_hours,2024-11-04,7,7,,FALSE,TRUE
so2,min_half_hours,2024-11-11,7,7,,FALSE,TRUE
so2,min_half_hours,2024-11-18,7,7,,FALSE,TRUE
so2,min_half_hours,2024-11-25,7,7,,FALSE,TRUE
so2,min_half_hours,2024-12-02,7,7,,FALSE,TRUE
so2,min_half_hours,2024-12-09,7,7,,FALSE,TRUE
so2,min_half_hours,2024-12-16,7,7,,FALSE,TRUE
so2,min_half_hours,2024-12-23,7,7,,FALSE,TRUE
so2,min_half_hours,2024-12-30,7,7,,FALSE,TRUE
so2,min_half_hours,2025-01-06,7,7,,FALSE,TRUE
so2,min_half_hours,2025-01-13,7,7,,FALSE,TRUE
so2,min_half_hours,2025-01-20,7,7,,FALSE,TRUE
so2,min_half_hours,2025-01-27,7,7,,FALSE,TRUE
so2,min_half_hours,2025-02-03,7,7,,FALSE,TRUE
so2,min_half_hours,2025-02-10,7,7,,FALSE,TRUE
so2,min_half_hours,2025-02-17,7,7,,FALSE,TRUE
so2,min_half_hours,2025-02-24,7,7,,FALSE,TRUE
so2,min_half_hours,2025-03-03,7,7,,FALSE,TRUE
so2,min_half_hours,2025-03-10,7,6,carapungo,FALSE,FALSE
so2,min_half_hours,2025-03-17,7,6,carapungo,FALSE,FALSE
so2,min_half_hours,2025-03-24,7,6,carapungo,FALSE,FALSE
so2,min_half_hours,2025-03-31,7,7,,FALSE,TRUE
so2,min_half_hours,2025-04-07,7,7,,FALSE,TRUE
so2,min_half_hours,2025-04-14,7,7,,FALSE,TRUE
so2,min_half_hours,2025-04-21,7,7,,FALSE,TRUE
so2,min_half_hours,2025-04-28,7,7,,FALSE,TRUE
so2,min_half_hours,2025-05-05,7,7,,FALSE,TRUE
so2,min_half_hours,2025-05-12,7,7,,FALSE,TRUE
so2,min_half_hours,2025-05-19,7,7,,FALSE,TRUE
so2,min_half_hours,2025-05-26,7,7,,FALSE,TRUE
so2,min_half_hours,2025-06-02,7,7,,FALSE,TRUE
so2,min_half_hours,2025-06-09,7,7,,FALSE,TRUE
so2,min_half_hours,2025-06-16,7,6,guamani,FALSE,FALSE
so2,min_half_hours,2025-06-23,7,6,guamani,FALSE,FALSE
so2,min_half_hours,2025-06-30,7,6,guamani,FALSE,FALSE
so2,min_half_hours,2025-07-07,7,6,guamani,FALSE,FALSE
so2,min_half_hours,2025-07-14,7,6,guamani,FALSE,FALSE
so2,min_half_hours,2025-07-21,7,6,guamani,FALSE,FALSE
so2,min_half_hours,2025-07-28,7,6,guamani,FALSE,FALSE
so2,min_half_hours,2025-08-04,7,6,guamani,FALSE,FALSE
so2,min_half_hours,2025-08-11,7,6,guamani,FALSE,FALSE
so2,min_half_hours,2025-08-18,7,6,guamani,FALSE,FALSE
so2,min_half_hours,2025-08-25,7,6,guamani,FALSE,FALSE
so2,min_half_hours,2025-09-01,7,6,guamani,FALSE,FALSE
so2,min_half_hours,2025-09-08,7,6,guamani,FALSE,FALSE
so2,min_half_hours,2025-09-15,7,6,guamani,FALSE,FALSE
so2,min_half_hours,2025-09-22,7,6,guamani,FALSE,FALSE
so2,min_half_hours,2025-09-29,7,6,guamani,FALSE,FALSE
so2,min_half_hours,2025-10-06,7,6,guamani,FALSE,FALSE
so2,min_half_hours,2025-10-13,7,6,guamani,FALSE,FALSE
so2,min_half_hours,2025-10-20,7,6,guamani,FALSE,FALSE
so2,min_half_hours,2025-10-27,7,6,guamani,FALSE,FALSE
so2,min_half_hours,2025-11-03,7,6,guamani,FALSE,FALSE
so2,min_half_hours,2025-11-10,7,6,guamani,FALSE,FALSE
so2,min_half_hours,2025-11-17,7,6,guamani,FALSE,FALSE
so2,min_half_hours,2025-11-24,7,5,guamani loschillos,FALSE,FALSE
so2,min_half_hours,2025-12-01,7,5,guamani loschillos,FALSE,FALSE
so2,min_half_hours,2025-12-08,7,5,guamani loschillos,FALSE,FALSE
so2,min_half_hours,2025-12-15,7,5,guamani loschillos,FALSE,FALSE
so2,min_half_hours,2025-12-22,7,6,guamani,FALSE,FALSE
so2,min_half_hours,2025-12-29,7,6,guamani,FALSE,FALSE
so2,min_half_hours,2026-01-05,7,6,guamani,FALSE,FALSE
so2,min_half_hours,2026-01-12,7,6,guamani,FALSE,FALSE
so2,min_half_hours,2026-01-19,7,6,guamani,FALSE,FALSE
so2,min_half_hours,2026-01-26,7,6,guamani,FALSE,FALSE
so2,min_half_hours,2026-02-02,7,6,guamani,FALSE,FALSE
so2,min_half_hours,2026-02-09,7,6,guamani,FALSE,FALSE
so2,min_half_hours,2026-02-16,7,6,guamani,FALSE,FALSE
so2,min_half_hours,2026-02-23,7,6,guamani,FALSE,FALSE
so2,min_half_hours,2026-03-02,7,6,guamani,FALSE,FALSE
so2,min_half_hours,2026-03-09,7,6,guamani,FALSE,FALSE
so2,min_half_hours,2026-03-16,7,6,guamani,FALSE,FALSE
so2,min_half_hours,2026-03-23,7,6,guamani,FALSE,FALSE
so2,min_half_hours,2026-03-30,7,6,guamani,FALSE,FALSE
so2,min_half_hours,2026-04-06,7,6,guamani,FALSE,FALSE
so2,min_half_hours,2026-04-13,7,6,guamani,FALSE,FALSE
so2,min_half_hours,2026-04-20,7,6,guamani,FALSE,FALSE
so2,min_half_hours,2026-04-27,7,6,guamani,FALSE,FALSE
so2,min_half_hours,2026-05-04,7,6,guamani,FALSE,FALSE
so2,min_half_hours,2026-05-11,7,6,guamani,FALSE,FALSE
so2,min_half_hours,2026-05-18,7,6,guamani,FALSE,FALSE
so2,min_half_hours,2026-05-25,7,6,guamani,FALSE,FALSE
so2,min_half_hours,2026-06-01,7,6,guamani,FALSE,FALSE
so2,min_half_hours,2026-06-08,7,6,guamani,FALSE,FALSE
so2,min_half_hours,2026-06-15,7,6,guamani,FALSE,FALSE
so2,min_half_hours,2026-06-22,7,6,guamani,FALSE,FALSE
so2,min_half_hours,2026-06-29,7,6,guamani,FALSE,FALSE
so2,min_half_hours,2026-07-06,7,6,guamani,FALSE,FALSE
so2,min_half_hours,2026-07-13,7,6,guamani,FALSE,FALSE
so2,min_half_hours,2026-07-20,7,6,guamani,FALSE,FALSE
so2,min_half_hours,2026-07-27,7,6,guamani,FALSE,FALSE
so2,min_half_hours,2026-08-03,7,6,guamani,FALSE,FALSE
so2,min_half_hours,2026-08-10,7,7,,FALSE,TRUE
so2,min_half_hours,2026-08-17,7,7,,FALSE,TRUE
so2,min_half_hours,2026-08-24,7,7,,FALSE,TRUE
so2,min_half_hours,2026-08-31,7,6,tumbaco,FALSE,FALSE
