highway,fast,urban_street,segments,length_km
trunk,TRUE,FALSE,1188,282.792171360529
trunk_link,TRUE,FALSE,227,21.9117532019726
service,FALSE,TRUE,8662,1072.83280771404
primary,FALSE,TRUE,2542,278.100184884634
primary,TRUE,FALSE,1218,143.132748629383
secondary,TRUE,FALSE,191,19.0209382511068
secondary,FALSE,TRUE,3188,307.888353694633
tertiary,FALSE,TRUE,5332,799.683041284339
residential,FALSE,TRUE,61852,5952.58088361286
living_street,FALSE,TRUE,1492,104.155551831577
primary_link,FALSE,TRUE,459,29.6363620593112
secondary_link,FALSE,TRUE,153,7.36841824955223
tertiary_link,FALSE,TRUE,55,2.64948684832783
track,FALSE,FALSE,1515,897.392024444358
unclassified,FALSE,TRUE,4732,2129.61825665072
motorway_link,TRUE,FALSE,79,12.4272116744669
motorway,TRUE,FALSE,269,97.8367240194413
