station,in_pipeline,hours,gapfill_hours,gapfill_share,pm25xlsx_hours,pm25xlsx_share,both,gapfill_only,pm25xlsx_only,neither
BELISARIO,True,312,311,0.997,311,0.997,311,0,0,1
CARAPUNGO,True,312,312,1.0,312,1.0,312,0,0,0
CENTRO,True,312,310,0.994,310,0.994,310,0,0,2
COTOCOLLAO,True,312,311,0.997,311,0.997,311,0,0,1
EL CAMAL,False,312,254,0.814,254,0.814,254,0,0,58
GUAMANI,True,312,261,0.837,261,0.837,261,0,0,51
LOS CHILLOS,True,312,311,0.997,0,0.0,0,311,0,1
SAN ANTONIO,True,312,291,0.933,291,0.933,291,0,0,21
TUMBACO,True,312,311,0.997,311,0.997,311,0,0,1
