file,station,hour_of_day,days_with_value,days
gapfill,BELISARIO,0,13,13
gapfill,BELISARIO,1,13,13
gapfill,BELISARIO,2,13,13
gapfill,BELISARIO,3,13,13
gapfill,BELISARIO,4,13,13
gapfill,BELISARIO,5,13,13
gapfill,BELISARIO,6,13,13
gapfill,BELISARIO,7,13,13
gapfill,BELISARIO,8,13,13
gapfill,BELISARIO,9,13,13
gapfill,BELISARIO,10,12,13
gapfill,BELISARIO,11,13,13
gapfill,BELISARIO,12,13,13
gapfill,BELISARIO,13,13,13
gapfill,BELISARIO,14,13,13
gapfill,BELISARIO,15,13,13
gapfill,BELISARIO,16,13,13
gapfill,BELISARIO,17,13,13
gapfill,BELISARIO,18,13,13
gapfill,BELISARIO,19,13,13
gapfill,BELISARIO,20,13,13
gapfill,BELISARIO,21,13,13
gapfill,BELISARIO,22,13,13
gapfill,BELISARIO,23,13,13
PM2.5.xlsx,BELISARIO,0,13,13
PM2.5.xlsx,BELISARIO,1,13,13
PM2.5.xlsx,BELISARIO,2,13,13
PM2.5.xlsx,BELISARIO,3,13,13
PM2.5.xlsx,BELISARIO,4,13,13
PM2.5.xlsx,BELISARIO,5,13,13
PM2.5.xlsx,BELISARIO,6,13,13
PM2.5.xlsx,BELISARIO,7,13,13
PM2.5.xlsx,BELISARIO,8,13,13
PM2.5.xlsx,BELISARIO,9,13,13
PM2.5.xlsx,BELISARIO,10,12,13
PM2.5.xlsx,BELISARIO,11,13,13
PM2.5.xlsx,BELISARIO,12,13,13
PM2.5.xlsx,BELISARIO,13,13,13
PM2.5.xlsx,BELISARIO,14,13,13
PM2.5.xlsx,BELISARIO,15,13,13
PM2.5.xlsx,BELISARIO,16,13,13
PM2.5.xlsx,BELISARIO,17,13,13
PM2.5.xlsx,BELISARIO,18,13,13
PM2.5.xlsx,BELISARIO,19,13,13
PM2.5.xlsx,BELISARIO,20,13,13
PM2.5.xlsx,BELISARIO,21,13,13
PM2.5.xlsx,BELISARIO,22,13,13
PM2.5.xlsx,BELISARIO,23,13,13
gapfill,CARAPUNGO,0,13,13
gapfill,CARAPUNGO,1,13,13
gapfill,CARAPUNGO,2,13,13
gapfill,CARAPUNGO,3,13,13
gapfill,CARAPUNGO,4,13,13
gapfill,CARAPUNGO,5,13,13
gapfill,CARAPUNGO,6,13,13
gapfill,CARAPUNGO,7,13,13
gapfill,CARAPUNGO,8,13,13
gapfill,CARAPUNGO,9,13,13
gapfill,CARAPUNGO,10,13,13
gapfill,CARAPUNGO,11,13,13
gapfill,CARAPUNGO,12,13,13
gapfill,CARAPUNGO,13,13,13
gapfill,CARAPUNGO,14,13,13
gapfill,CARAPUNGO,15,13,13
gapfill,CARAPUNGO,16,13,13
gapfill,CARAPUNGO,17,13,13
gapfill,CARAPUNGO,18,13,13
gapfill,CARAPUNGO,19,13,13
gapfill,CARAPUNGO,20,13,13
gapfill,CARAPUNGO,21,13,13
gapfill,CARAPUNGO,22,13,13
gapfill,CARAPUNGO,23,13,13
PM2.5.xlsx,CARAPUNGO,0,13,13
PM2.5.xlsx,CARAPUNGO,1,13,13
PM2.5.xlsx,CARAPUNGO,2,13,13
PM2.5.xlsx,CARAPUNGO,3,13,13
PM2.5.xlsx,CARAPUNGO,4,13,13
PM2.5.xlsx,CARAPUNGO,5,13,13
PM2.5.xlsx,CARAPUNGO,6,13,13
PM2.5.xlsx,CARAPUNGO,7,13,13
PM2.5.xlsx,CARAPUNGO,8,13,13
PM2.5.xlsx,CARAPUNGO,9,13,13
PM2.5.xlsx,CARAPUNGO,10,13,13
PM2.5.xlsx,CARAPUNGO,11,13,13
PM2.5.xlsx,CARAPUNGO,12,13,13
PM2.5.xlsx,CARAPUNGO,13,13,13
PM2.5.xlsx,CARAPUNGO,14,13,13
PM2.5.xlsx,CARAPUNGO,15,13,13
PM2.5.xlsx,CARAPUNGO,16,13,13
PM2.5.xlsx,CARAPUNGO,17,13,13
PM2.5.xlsx,CARAPUNGO,18,13,13
PM2.5.xlsx,CARAPUNGO,19,13,13
PM2.5.xlsx,CARAPUNGO,20,13,13
PM2.5.xlsx,CARAPUNGO,21,13,13
PM2.5.xlsx,CARAPUNGO,22,13,13
PM2.5.xlsx,CARAPUNGO,23,13,13
gapfill,CENTRO,0,13,13
gapfill,CENTRO,1,13,13
gapfill,CENTRO,2,13,13
gapfill,CENTRO,3,13,13
gapfill,CENTRO,4,13,13
gapfill,CENTRO,5,13,13
gapfill,CENTRO,6,13,13
gapfill,CENTRO,7,13,13
gapfill,CENTRO,8,13,13
gapfill,CENTRO,9,13,13
gapfill,CENTRO,10,13,13
gapfill,CENTRO,11,13,13
gapfill,CENTRO,12,13,13
gapfill,CENTRO,13,13,13
gapfill,CENTRO,14,13,13
gapfill,CENTRO,15,13,13
gapfill,CENTRO,16,13,13
gapfill,CENTRO,17,12,13
gapfill,CENTRO,18,13,13
gapfill,CENTRO,19,12,13
gapfill,CENTRO,20,13,13
gapfill,CENTRO,21,13,13
gapfill,CENTRO,22,13,13
gapfill,CENTRO,23,13,13
PM2.5.xlsx,CENTRO,0,13,13
PM2.5.xlsx,CENTRO,1,13,13
PM2.5.xlsx,CENTRO,2,13,13
PM2.5.xlsx,CENTRO,3,13,13
PM2.5.xlsx,CENTRO,4,13,13
PM2.5.xlsx,CENTRO,5,13,13
PM2.5.xlsx,CENTRO,6,13,13
PM2.5.xlsx,CENTRO,7,13,13
PM2.5.xlsx,CENTRO,8,13,13
PM2.5.xlsx,CENTRO,9,13,13
PM2.5.xlsx,CENTRO,10,13,13
PM2.5.xlsx,CENTRO,11,13,13
PM2.5.xlsx,CENTRO,12,13,13
PM2.5.xlsx,CENTRO,13,13,13
PM2.5.xlsx,CENTRO,14,13,13
PM2.5.xlsx,CENTRO,15,13,13
PM2.5.xlsx,CENTRO,16,13,13
PM2.5.xlsx,CENTRO,17,12,13
PM2.5.xlsx,CENTRO,18,13,13
PM2.5.xlsx,CENTRO,19,12,13
PM2.5.xlsx,CENTRO,20,13,13
PM2.5.xlsx,CENTRO,21,13,13
PM2.5.xlsx,CENTRO,22,13,13
PM2.5.xlsx,CENTRO,23,13,13
gapfill,COTOCOLLAO,0,13,13
gapfill,COTOCOLLAO,1,13,13
gapfill,COTOCOLLAO,2,13,13
gapfill,COTOCOLLAO,3,13,13
gapfill,COTOCOLLAO,4,13,13
gapfill,COTOCOLLAO,5,13,13
gapfill,COTOCOLLAO,6,13,13
gapfill,COTOCOLLAO,7,13,13
gapfill,COTOCOLLAO,8,13,13
gapfill,COTOCOLLAO,9,13,13
gapfill,COTOCOLLAO,10,13,13
gapfill,COTOCOLLAO,11,13,13
gapfill,COTOCOLLAO,12,13,13
gapfill,COTOCOLLAO,13,13,13
gapfill,COTOCOLLAO,14,13,13
gapfill,COTOCOLLAO,15,12,13
gapfill,COTOCOLLAO,16,13,13
gapfill,COTOCOLLAO,17,13,13
gapfill,COTOCOLLAO,18,13,13
gapfill,COTOCOLLAO,19,13,13
gapfill,COTOCOLLAO,20,13,13
gapfill,COTOCOLLAO,21,13,13
gapfill,COTOCOLLAO,22,13,13
gapfill,COTOCOLLAO,23,13,13
PM2.5.xlsx,COTOCOLLAO,0,13,13
PM2.5.xlsx,COTOCOLLAO,1,13,13
PM2.5.xlsx,COTOCOLLAO,2,13,13
PM2.5.xlsx,COTOCOLLAO,3,13,13
PM2.5.xlsx,COTOCOLLAO,4,13,13
PM2.5.xlsx,COTOCOLLAO,5,13,13
PM2.5.xlsx,COTOCOLLAO,6,13,13
PM2.5.xlsx,COTOCOLLAO,7,13,13
PM2.5.xlsx,COTOCOLLAO,8,13,13
PM2.5.xlsx,COTOCOLLAO,9,13,13
PM2.5.xlsx,COTOCOLLAO,10,13,13
PM2.5.xlsx,COTOCOLLAO,11,13,13
PM2.5.xlsx,COTOCOLLAO,12,13,13
PM2.5.xlsx,COTOCOLLAO,13,13,13
PM2.5.xlsx,COTOCOLLAO,14,13,13
PM2.5.xlsx,COTOCOLLAO,15,12,13
PM2.5.xlsx,COTOCOLLAO,16,13,13
PM2.5.xlsx,COTOCOLLAO,17,13,13
PM2.5.xlsx,COTOCOLLAO,18,13,13
PM2.5.xlsx,COTOCOLLAO,19,13,13
PM2.5.xlsx,COTOCOLLAO,20,13,13
PM2.5.xlsx,COTOCOLLAO,21,13,13
PM2.5.xlsx,COTOCOLLAO,22,13,13
PM2.5.xlsx,COTOCOLLAO,23,13,13
gapfill,EL CAMAL,0,10,13
gapfill,EL CAMAL,1,10,13
gapfill,EL CAMAL,2,10,13
gapfill,EL CAMAL,3,10,13
gapfill,EL CAMAL,4,10,13
gapfill,EL CAMAL,5,10,13
gapfill,EL CAMAL,6,10,13
gapfill,EL CAMAL,7,10,13
gapfill,EL CAMAL,8,10,13
gapfill,EL CAMAL,9,11,13
gapfill,EL CAMAL,10,11,13
gapfill,EL CAMAL,11,11,13
gapfill,EL CAMAL,12,11,13
gapfill,EL CAMAL,13,11,13
gapfill,EL CAMAL,14,11,13
gapfill,EL CAMAL,15,11,13
gapfill,EL CAMAL,16,10,13
gapfill,EL CAMAL,17,11,13
gapfill,EL CAMAL,18,11,13
gapfill,EL CAMAL,19,11,13
gapfill,EL CAMAL,20,11,13
gapfill,EL CAMAL,21,11,13
gapfill,EL CAMAL,22,11,13
gapfill,EL CAMAL,23,11,13
PM2.5.xlsx,EL CAMAL,0,10,13
PM2.5.xlsx,EL CAMAL,1,10,13
PM2.5.xlsx,EL CAMAL,2,10,13
PM2.5.xlsx,EL CAMAL,3,10,13
PM2.5.xlsx,EL CAMAL,4,10,13
PM2.5.xlsx,EL CAMAL,5,10,13
PM2.5.xlsx,EL CAMAL,6,10,13
PM2.5.xlsx,EL CAMAL,7,10,13
PM2.5.xlsx,EL CAMAL,8,10,13
PM2.5.xlsx,EL CAMAL,9,11,13
PM2.5.xlsx,EL CAMAL,10,11,13
PM2.5.xlsx,EL CAMAL,11,11,13
PM2.5.xlsx,EL CAMAL,12,11,13
PM2.5.xlsx,EL CAMAL,13,11,13
PM2.5.xlsx,EL CAMAL,14,11,13
PM2.5.xlsx,EL CAMAL,15,11,13
PM2.5.xlsx,EL CAMAL,16,10,13
PM2.5.xlsx,EL CAMAL,17,11,13
PM2.5.xlsx,EL CAMAL,18,11,13
PM2.5.xlsx,EL CAMAL,19,11,13
PM2.5.xlsx,EL CAMAL,20,11,13
PM2.5.xlsx,EL CAMAL,21,11,13
PM2.5.xlsx,EL CAMAL,22,11,13
PM2.5.xlsx,EL CAMAL,23,11,13
gapfill,GUAMANI,0,11,13
gapfill,GUAMANI,1,11,13
gapfill,GUAMANI,2,11,13
gapfill,GUAMANI,3,11,13
gapfill,GUAMANI,4,11,13
gapfill,GUAMANI,5,11,13
gapfill,GUAMANI,6,11,13
gapfill,GUAMANI,7,11,13
gapfill,GUAMANI,8,11,13
gapfill,GUAMANI,9,11,13
gapfill,GUAMANI,10,11,13
gapfill,GUAMANI,11,11,13
gapfill,GUAMANI,12,11,13
gapfill,GUAMANI,13,11,13
gapfill,GUAMANI,14,10,13
gapfill,GUAMANI,15,10,13
gapfill,GUAMANI,16,11,13
gapfill,GUAMANI,17,10,13
gapfill,GUAMANI,18,11,13
gapfill,GUAMANI,19,11,13
gapfill,GUAMANI,20,11,13
gapfill,GUAMANI,21,11,13
gapfill,GUAMANI,22,11,13
gapfill,GUAMANI,23,11,13
PM2.5.xlsx,GUAMANI,0,11,13
PM2.5.xlsx,GUAMANI,1,11,13
PM2.5.xlsx,GUAMANI,2,11,13
PM2.5.xlsx,GUAMANI,3,11,13
PM2.5.xlsx,GUAMANI,4,11,13
PM2.5.xlsx,GUAMANI,5,11,13
PM2.5.xlsx,GUAMANI,6,11,13
PM2.5.xlsx,GUAMANI,7,11,13
PM2.5.xlsx,GUAMANI,8,11,13
PM2.5.xlsx,GUAMANI,9,11,13
PM2.5.xlsx,GUAMANI,10,11,13
PM2.5.xlsx,GUAMANI,11,11,13
PM2.5.xlsx,GUAMANI,12,11,13
PM2.5.xlsx,GUAMANI,13,11,13
PM2.5.xlsx,GUAMANI,14,10,13
PM2.5.xlsx,GUAMANI,15,10,13
PM2.5.xlsx,GUAMANI,16,11,13
PM2.5.xlsx,GUAMANI,17,10,13
PM2.5.xlsx,GUAMANI,18,11,13
PM2.5.xlsx,GUAMANI,19,11,13
PM2.5.xlsx,GUAMANI,20,11,13
PM2.5.xlsx,GUAMANI,21,11,13
PM2.5.xlsx,GUAMANI,22,11,13
PM2.5.xlsx,GUAMANI,23,11,13
gapfill,LOS CHILLOS,0,13,13
gapfill,LOS CHILLOS,1,13,13
gapfill,LOS CHILLOS,2,13,13
gapfill,LOS CHILLOS,3,13,13
gapfill,LOS CHILLOS,4,13,13
gapfill,LOS CHILLOS,5,13,13
gapfill,LOS CHILLOS,6,13,13
gapfill,LOS CHILLOS,7,13,13
gapfill,LOS CHILLOS,8,13,13
gapfill,LOS CHILLOS,9,13,13
gapfill,LOS CHILLOS,10,13,13
gapfill,LOS CHILLOS,11,13,13
gapfill,LOS CHILLOS,12,13,13
gapfill,LOS CHILLOS,13,13,13
gapfill,LOS CHILLOS,14,12,13
gapfill,LOS CHILLOS,15,13,13
gapfill,LOS CHILLOS,16,13,13
gapfill,LOS CHILLOS,17,13,13
gapfill,LOS CHILLOS,18,13,13
gapfill,LOS CHILLOS,19,13,13
gapfill,LOS CHILLOS,20,13,13
gapfill,LOS CHILLOS,21,13,13
gapfill,LOS CHILLOS,22,13,13
gapfill,LOS CHILLOS,23,13,13
PM2.5.xlsx,LOS CHILLOS,0,0,13
PM2.5.xlsx,LOS CHILLOS,1,0,13
PM2.5.xlsx,LOS CHILLOS,2,0,13
PM2.5.xlsx,LOS CHILLOS,3,0,13
PM2.5.xlsx,LOS CHILLOS,4,0,13
PM2.5.xlsx,LOS CHILLOS,5,0,13
PM2.5.xlsx,LOS CHILLOS,6,0,13
PM2.5.xlsx,LOS CHILLOS,7,0,13
PM2.5.xlsx,LOS CHILLOS,8,0,13
PM2.5.xlsx,LOS CHILLOS,9,0,13
PM2.5.xlsx,LOS CHILLOS,10,0,13
PM2.5.xlsx,LOS CHILLOS,11,0,13
PM2.5.xlsx,LOS CHILLOS,12,0,13
PM2.5.xlsx,LOS CHILLOS,13,0,13
PM2.5.xlsx,LOS CHILLOS,14,0,13
PM2.5.xlsx,LOS CHILLOS,15,0,13
PM2.5.xlsx,LOS CHILLOS,16,0,13
PM2.5.xlsx,LOS CHILLOS,17,0,13
PM2.5.xlsx,LOS CHILLOS,18,0,13
PM2.5.xlsx,LOS CHILLOS,19,0,13
PM2.5.xlsx,LOS CHILLOS,20,0,13
PM2.5.xlsx,LOS CHILLOS,21,0,13
PM2.5.xlsx,LOS CHILLOS,22,0,13
PM2.5.xlsx,LOS CHILLOS,23,0,13
gapfill,SAN ANTONIO,0,10,13
gapfill,SAN ANTONIO,1,10,13
gapfill,SAN ANTONIO,2,11,13
gapfill,SAN ANTONIO,3,13,13
gapfill,SAN ANTONIO,4,11,13
gapfill,SAN ANTONIO,5,12,13
gapfill,SAN ANTONIO,6,13,13
gapfill,SAN ANTONIO,7,13,13
gapfill,SAN ANTONIO,8,13,13
gapfill,SAN ANTONIO,9,13,13
gapfill,SAN ANTONIO,10,13,13
gapfill,SAN ANTONIO,11,13,13
gapfill,SAN ANTONIO,12,13,13
gapfill,SAN ANTONIO,13,13,13
gapfill,SAN ANTONIO,14,12,13
gapfill,SAN ANTONIO,15,12,13
gapfill,SAN ANTONIO,16,13,13
gapfill,SAN ANTONIO,17,13,13
gapfill,SAN ANTONIO,18,13,13
gapfill,SAN ANTONIO,19,13,13
gapfill,SAN ANTONIO,20,10,13
gapfill,SAN ANTONIO,21,12,13
gapfill,SAN ANTONIO,22,10,13
gapfill,SAN ANTONIO,23,12,13
PM2.5.xlsx,SAN ANTONIO,0,10,13
PM2.5.xlsx,SAN ANTONIO,1,10,13
PM2.5.xlsx,SAN ANTONIO,2,11,13
PM2.5.xlsx,SAN ANTONIO,3,13,13
PM2.5.xlsx,SAN ANTONIO,4,11,13
PM2.5.xlsx,SAN ANTONIO,5,12,13
PM2.5.xlsx,SAN ANTONIO,6,13,13
PM2.5.xlsx,SAN ANTONIO,7,13,13
PM2.5.xlsx,SAN ANTONIO,8,13,13
PM2.5.xlsx,SAN ANTONIO,9,13,13
PM2.5.xlsx,SAN ANTONIO,10,13,13
PM2.5.xlsx,SAN ANTONIO,11,13,13
PM2.5.xlsx,SAN ANTONIO,12,13,13
PM2.5.xlsx,SAN ANTONIO,13,13,13
PM2.5.xlsx,SAN ANTONIO,14,12,13
PM2.5.xlsx,SAN ANTONIO,15,12,13
PM2.5.xlsx,SAN ANTONIO,16,13,13
PM2.5.xlsx,SAN ANTONIO,17,13,13
PM2.5.xlsx,SAN ANTONIO,18,13,13
PM2.5.xlsx,SAN ANTONIO,19,13,13
PM2.5.xlsx,SAN ANTONIO,20,10,13
PM2.5.xlsx,SAN ANTONIO,21,12,13
PM2.5.xlsx,SAN ANTONIO,22,10,13
PM2.5.xlsx,SAN ANTONIO,23,12,13
gapfill,TUMBACO,0,13,13
gapfill,TUMBACO,1,13,13
gapfill,TUMBACO,2,13,13
gapfill,TUMBACO,3,13,13
gapfill,TUMBACO,4,13,13
gapfill,TUMBACO,5,13,13
gapfill,TUMBACO,6,13,13
gapfill,TUMBACO,7,13,13
gapfill,TUMBACO,8,13,13
gapfill,TUMBACO,9,13,13
gapfill,TUMBACO,10,13,13
gapfill,TUMBACO,11,13,13
gapfill,TUMBACO,12,13,13
gapfill,TUMBACO,13,13,13
gapfill,TUMBACO,14,13,13
gapfill,TUMBACO,15,13,13
gapfill,TUMBACO,16,12,13
gapfill,TUMBACO,17,13,13
gapfill,TUMBACO,18,13,13
gapfill,TUMBACO,19,13,13
gapfill,TUMBACO,20,13,13
gapfill,TUMBACO,21,13,13
gapfill,TUMBACO,22,13,13
gapfill,TUMBACO,23,13,13
PM2.5.xlsx,TUMBACO,0,13,13
PM2.5.xlsx,TUMBACO,1,13,13
PM2.5.xlsx,TUMBACO,2,13,13
PM2.5.xlsx,TUMBACO,3,13,13
PM2.5.xlsx,TUMBACO,4,13,13
PM2.5.xlsx,TUMBACO,5,13,13
PM2.5.xlsx,TUMBACO,6,13,13
PM2.5.xlsx,TUMBACO,7,13,13
PM2.5.xlsx,TUMBACO,8,13,13
PM2.5.xlsx,TUMBACO,9,13,13
PM2.5.xlsx,TUMBACO,10,13,13
PM2.5.xlsx,TUMBACO,11,13,13
PM2.5.xlsx,TUMBACO,12,13,13
PM2.5.xlsx,TUMBACO,13,13,13
PM2.5.xlsx,TUMBACO,14,13,13
PM2.5.xlsx,TUMBACO,15,13,13
PM2.5.xlsx,TUMBACO,16,12,13
PM2.5.xlsx,TUMBACO,17,13,13
PM2.5.xlsx,TUMBACO,18,13,13
PM2.5.xlsx,TUMBACO,19,13,13
PM2.5.xlsx,TUMBACO,20,13,13
PM2.5.xlsx,TUMBACO,21,13,13
PM2.5.xlsx,TUMBACO,22,13,13
PM2.5.xlsx,TUMBACO,23,13,13
