pool,estimator,zonal_administration,donors,donors_weight_above_0.001,synthetic_weight,abs_weight_share
low_exposure_screened,ascm,outside the DMQ parish layers,21,21,0.653374230091684,0.307104580659748
low_exposure_screened,ascm,TUMBACO,34,34,0.190256127212329,0.199531845730902
low_exposure_screened,ascm,LOS CHILLOS,17,17,-0.184414810499062,0.152657005958119
low_exposure_screened,ascm,MANUELA SAENZ,2,2,0.341994716530107,0.108654865547355
low_exposure_screened,ascm,LA DELICIA,23,23,-0.0401229863661942,0.0953920929906549
low_exposure_screened,ascm,CALDERON,21,20,0.0548721193361307,0.0946819498134161
low_exposure_screened,ascm,CHOCO ANDINO,1,1,-0.0684809815353013,0.0217570374091264
low_exposure_screened,ascm,QUITUMBE,4,4,0.0464112589275728,0.0170398863184743
low_exposure_screened,ascm,EUGENIO ESPEJO,2,1,0.00806089738605041,0.00256102120687362
low_exposure_screened,ascm,ambiguous: CALDERON / EUGENIO ESPEJO,1,1,-0.00195057108241906,0.000619714365330394
low_exposure_screened,scm,outside the DMQ parish layers,21,5,0.565012923976735,0.565012897531646
low_exposure_screened,scm,MANUELA SAENZ,2,1,0.339930105762216,0.339930088479003
low_exposure_screened,scm,LA DELICIA,23,1,0.0759284592474694,0.0759284667872132
low_exposure_screened,scm,CALDERON,21,1,0.0191285056880199,0.019128507140779
low_exposure_screened,scm,TUMBACO,34,0,2.14415007256852e-09,2.18436323988176e-08
low_exposure_screened,scm,LOS CHILLOS,17,0,1.53353529627315e-09,1.29696072595294e-08
low_exposure_screened,scm,QUITUMBE,4,0,3.24746616616288e-09,3.24746599572697e-09
low_exposure_screened,scm,CHOCO ANDINO,1,0,-1.58424006521422e-09,1.58423998206897e-09
low_exposure_screened,scm,EUGENIO ESPEJO,2,0,-2.45332794315606e-11,4.07525545283399e-10
low_exposure_screened,scm,ambiguous: CALDERON / EUGENIO ESPEJO,1,0,8.88748711545547e-12,8.88748664901585e-12
low_exposure_unscreened,ascm,outside the DMQ parish layers,44,13,0.490564961342624,0.46486289929911
low_exposure_unscreened,ascm,LA DELICIA,45,5,0.308137050775414,0.295342409166997
low_exposure_unscreened,ascm,MANUELA SAENZ,2,2,0.193381024718486,0.174350613677397
low_exposure_unscreened,ascm,TUMBACO,51,7,0.015346838326069,0.0371873802367745
low_exposure_unscreened,ascm,LOS CHILLOS,31,2,-0.00904426982426512,0.013369895677688
low_exposure_unscreened,ascm,CALDERON,28,1,0.00478868760004189,0.00956648600046195
low_exposure_unscreened,ascm,CHOCO ANDINO,2,2,-0.00312237415705019,0.0028151047974052
low_exposure_unscreened,ascm,EUGENIO ESPEJO,4,0,0.000482337843339254,0.00118227424544281
low_exposure_unscreened,ascm,QUITUMBE,6,0,-0.000738387559306132,0.00113889426071363
low_exposure_unscreened,ascm,ambiguous: CALDERON / EUGENIO ESPEJO,1,0,0.000204130935817457,0.000184042638010246
low_exposure_unscreened,scm,outside the DMQ parish layers,44,7,0.556694677880604,0.556694678057416
low_exposure_unscreened,scm,MANUELA SAENZ,2,1,0.337695877586693,0.337695877374946
low_exposure_unscreened,scm,LA DELICIA,45,1,0.0736979644227032,0.0736979643764921
low_exposure_unscreened,scm,CALDERON,28,1,0.031911090834206,0.0319110908141966
low_exposure_unscreened,scm,LOS CHILLOS,31,0,1.80030278123145e-07,1.8003027801026e-07
low_exposure_unscreened,scm,TUMBACO,51,0,1.59436363853379e-07,1.59436363753407e-07
low_exposure_unscreened,scm,QUITUMBE,6,0,2.46144081885231e-08,2.4614408173089e-08
low_exposure_unscreened,scm,CHOCO ANDINO,2,0,1.79505710440728e-08,1.79505710328172e-08
low_exposure_unscreened,scm,EUGENIO ESPEJO,4,0,4.84974652164978e-09,4.97120716645871e-09
low_exposure_unscreened,scm,ambiguous: CALDERON / EUGENIO ESPEJO,1,0,2.37412145959047e-09,2.37412145810181e-09
primary_screened,ascm,outside the DMQ parish layers,21,21,0.560344540757821,0.22728256594452
primary_screened,ascm,EUGENIO ESPEJO,19,19,0.423404859700213,0.188033619445743
primary_screened,ascm,TUMBACO,34,31,0.0205295586849589,0.128865951668075
primary_screened,ascm,LOS CHILLOS,20,18,-0.0665315091679776,0.105350571899672
primary_screened,ascm,LA DELICIA,26,25,-0.246785855765683,0.100589067324169
primary_screened,ascm,CALDERON,21,19,0.0667143406452119,0.0970704026443641
primary_screened,ascm,MANUELA SAENZ,11,11,0.252106808759731,0.0735440894726188
primary_screened,ascm,QUITUMBE,8,7,0.0933515214977693,0.0262126907710962
primary_screened,ascm,ELOY ALFARO,2,2,-0.0809401922003451,0.0204549194286931
primary_screened,ascm,CHOCO ANDINO,1,1,-0.0722045525205755,0.0182472794299457
primary_screened,ascm,LA MARISCAL,1,1,0.0533944503086982,0.0134936568509794
primary_screened,ascm,ambiguous: CALDERON / EUGENIO ESPEJO,1,1,-0.00338397069863925,0.000855185120124153
primary_screened,scm,outside the DMQ parish layers,21,4,0.502781930182094,0.502781930710827
primary_screened,scm,EUGENIO ESPEJO,19,2,0.436342396427571,0.436342395962263
primary_screened,scm,CALDERON,21,1,0.0511998570909264,0.051199857012946
primary_screened,scm,TUMBACO,34,1,0.0096757113875662,0.00967571137282953
primary_screened,scm,LOS CHILLOS,20,0,3.79965800087069e-08,3.80308460890919e-08
primary_screened,scm,LA DELICIA,26,0,3.55934706667761e-08,3.55934706125651e-08
primary_screened,scm,MANUELA SAENZ,11,0,1.19291630321884e-08,1.19291630140196e-08
primary_screened,scm,QUITUMBE,8,0,1.03955758911483e-08,1.03955758753152e-08
primary_screened,scm,CHOCO ANDINO,1,0,3.75836327421871e-09,3.7583632684945e-09
primary_screened,scm,ELOY ALFARO,2,0,2.65414432352726e-09,2.65414431948484e-09
primary_screened,scm,LA MARISCAL,1,0,1.76149481195894e-09,1.76149480927608e-09
primary_screened,scm,ambiguous: CALDERON / EUGENIO ESPEJO,1,0,8.18077051365482e-10,8.18077050119503e-10
primary_unscreened,ascm,outside the DMQ parish layers,44,28,0.575226014878501,0.436674344534745
primary_unscreened,ascm,EUGENIO ESPEJO,25,17,0.303016096716103,0.225000492712864
primary_unscreened,ascm,TUMBACO,51,22,0.0845845989210471,0.100409284994627
primary_unscreened,ascm,LOS CHILLOS,34,26,-0.0479869302758448,0.0612987700089366
primary_unscreened,ascm,CALDERON,28,14,0.0704514730618005,0.0553226298450161
primary_unscreened,ascm,LA DELICIA,48,27,-0.0222601643131727,0.0459664337024943
primary_unscreened,ascm,MANUELA SAENZ,14,11,0.0397849019417639,0.0353118410939397
primary_unscreened,ascm,QUITUMBE,15,8,0.0219008184086885,0.0161650384266328
primary_unscreened,ascm,ELOY ALFARO,6,6,-0.0173041807125082,0.0112142521586491
primary_unscreened,ascm,CHOCO ANDINO,2,2,-0.0134560245399731,0.00872039276237752
primary_unscreened,ascm,LA MARISCAL,1,1,0.00516318916193781,0.00334608764013435
primary_unscreened,ascm,ambiguous: CALDERON / EUGENIO ESPEJO,1,0,0.000880206753143048,0.000570432119583499
primary_unscreened,scm,outside the DMQ parish layers,44,6,0.566259295673777,0.566259177816242
primary_unscreened,scm,EUGENIO ESPEJO,25,4,0.299249370252828,0.299249309342479
primary_unscreened,scm,TUMBACO,51,2,0.0659002789161451,0.0659002802985316
primary_unscreened,scm,CALDERON,28,2,0.0420692586596684,0.0420692614850006
primary_unscreened,scm,MANUELA SAENZ,14,1,0.0265218662335084,0.0265218850865793
primary_unscreened,scm,LA DELICIA,48,0,-3.59754876690341e-08,3.8540921429276e-08
primary_unscreened,scm,LOS CHILLOS,34,0,-1.80024466196135e-08,2.5944431968626e-08
primary_unscreened,scm,CHOCO ANDINO,2,0,-1.3661233654816e-08,1.36612301033348e-08
primary_unscreened,scm,QUITUMBE,15,0,-3.24724364471254e-09,4.70745260841604e-09
primary_unscreened,scm,LA MARISCAL,1,0,1.55060224481264e-09,1.55060184170595e-09
primary_unscreened,scm,ELOY ALFARO,6,0,-2.54423586851955e-10,1.42304213752785e-09
primary_unscreened,scm,ambiguous: CALDERON / EUGENIO ESPEJO,1,0,-1.43488052042159e-10,1.43488014739882e-10
