grid_id,step1_group,new_group,in_buffer
8866d338b1fffff,REST,BUFFER,TRUE
8866d338e1fffff,REST,BUFFER,TRUE
8866d339d3fffff,REST,BUFFER,TRUE
8866d339dbfffff,REST,BUFFER,TRUE
8866d32a49fffff,CORRIDOR,CENTER,FALSE
8866d3388bfffff,CORRIDOR,CENTER,FALSE
8866d338a1fffff,CORRIDOR,CENTER,FALSE
8866d338a3fffff,CORRIDOR,CENTER,FALSE
8866d338a7fffff,CORRIDOR,CENTER,FALSE
8866d338adfffff,RING,CENTER,FALSE
8866d338b5fffff,RING,CENTER,FALSE
8866d338bdfffff,RING,CENTER,FALSE
8866d32a41fffff,CORRIDOR,CORRIDOR,TRUE
8866d32a4bfffff,CORRIDOR,CORRIDOR,TRUE
8866d32a4dfffff,CORRIDOR,CORRIDOR,TRUE
8866d33889fffff,CORRIDOR,CORRIDOR,TRUE
8866d338c7fffff,CORRIDOR,CORRIDOR,TRUE
8866d33883fffff,RING,RING,TRUE
8866d3389dfffff,RING,RING,TRUE
8866d338a5fffff,RING,RING,TRUE
8866d338b7fffff,RING,RING,TRUE
8866d338b9fffff,RING,RING,TRUE
8866d338d5fffff,RING,RING,TRUE
8866d338d7fffff,RING,RING,TRUE
8866d338e7fffff,RING,RING,TRUE
8866d338ebfffff,RING,RING,TRUE
8866d3399bfffff,RING,RING,TRUE
