rule,pool,target,holdout_rmse,holdout_bias,bias_share_of_mse,n_holdout,all_gaps_same_sign,mde_iid,mde_persistent,pre_mean
amended,primary_screened,CENTER,0.827218201854295,-0.421620597752757,0.259778661875143,6,FALSE,0.772507428822994,2.31752228646898,11.5566250626898
amended,primary_unscreened,CENTER,0.993910718647345,-0.691821671319557,0.48449977081161,6,FALSE,0.92817519249548,2.78452557748644,11.5566250626898
amended,primary_screened,CORE,0.76902091785341,0.0185217881315494,0.000580082171686383,6,FALSE,0.71815921195926,2.15447763587778,14.6749346863734
amended,primary_unscreened,CORE,1.148152727628,-0.254867132060716,0.049275193706267,6,FALSE,1.07221590328623,3.21664770985869,14.6749346863734
amended,primary_screened,RING7,0.703386313030282,-0.617480371979318,0.770652315613904,6,TRUE,0.656865565736206,1.97059669720862,10.4265306700156
amended,primary_unscreened,RING7,0.679328102744311,-0.561828598340781,0.683988062120412,6,TRUE,0.634398523632397,1.90319557089719,10.4265306700156
amended,low_exposure_screened,CENTER,1.48112219356541,-1.27954364747838,0.746325758276187,6,TRUE,1.38316334790397,4.1494900437119,11.5566250626898
amended,low_exposure_unscreened,CENTER,0.763529287408855,-0.364245723466082,0.227581796999266,6,FALSE,0.713030788400325,2.13909236520097,11.5566250626898
plan,primary_screened,CENTER,1.99884832776219,-1.43311507663787,0.51404654840916,5,FALSE,1.86664797610279,5.59994392830838,11.8397495200879
plan,primary_unscreened,CENTER,1.26276372438563,-0.738100520596978,0.341654250860637,5,FALSE,1.17924672806935,3.53774018420806,11.8397495200879
