estacion,pre_mean,post_mean,pre_weeks,post_weeks,dd,pollutant,window
belisario,0.2786440757204439,0.29239713847826515,52,80,0.013753062757821233,PM25,full
carapungo,0.19015060091735375,0.32686205281661673,52,77,0.13671145189926298,PM25,full
centro,0.2909760142932086,0.22219398220097872,52,81,-0.06878203209222986,PM25,full
cotocollao,0.34817141942698215,0.2938628257929149,52,81,-0.05430859363406726,PM25,full
guamani,0.05820712519857765,0.11717961329680943,51,72,0.05897248809823177,PM25,full
loschillos,0.04007804060118788,0.14891926038639233,52,67,0.10884121978520445,PM25,full
sanantonio,0.2913177241183593,0.3384720138793006,40,61,0.04715428976094127,PM25,full
tumbaco,0.2217154861250967,0.2566438548277747,52,76,0.03492836870267799,PM25,full
belisario,0.2786440757204439,0.31212177697245047,52,68,0.03347770125200655,PM25,donut
carapungo,0.19015060091735375,0.32112647009962575,52,66,0.130975869182272,PM25,donut
centro,0.2909760142932086,0.250782430825654,52,67,-0.04019358346755458,PM25,donut
cotocollao,0.34817141942698215,0.28756383507285865,52,67,-0.0606075843541235,PM25,donut
guamani,0.05820712519857765,0.11276061635510415,51,66,0.054553491156526496,PM25,donut
loschillos,0.04007804060118788,0.14167732469898323,52,62,0.10159928409779534,PM25,donut
sanantonio,0.2913177241183593,0.34407336472518446,40,60,0.05275564060682514,PM25,donut
tumbaco,0.2217154861250967,0.2532222443583458,52,68,0.03150675823324908,PM25,donut
belisario,0.2786440757204439,0.2671808544985296,52,42,-0.011463221221914344,PM25,pre_blackout
carapungo,0.19015060091735375,0.332006823722121,52,42,0.14185622280476723,PM25,pre_blackout
centro,0.2909760142932086,0.21954506869660326,52,41,-0.07143094559660532,PM25,pre_blackout
cotocollao,0.34817141942698215,0.2887202501696818,52,41,-0.059451169257300374,PM25,pre_blackout
guamani,0.05820712519857765,0.07026493897959311,51,41,0.012057813781015461,PM25,pre_blackout
loschillos,0.04007804060118788,0.18733191316068562,52,39,0.14725387255949773,PM25,pre_blackout
sanantonio,0.2913177241183593,0.33144631398953,40,37,0.04012858987117068,PM25,pre_blackout
tumbaco,0.2217154861250967,0.2381992494781297,52,42,0.016483763353033004,PM25,pre_blackout
belisario,0.35880755890899335,0.38729377880477295,52,80,0.028486219895779596,NO2,full
carapungo,0.27717744782144377,0.2858414131177047,52,75,0.008663965296260956,NO2,full
centro,0.34123744691794666,0.3000619786002207,52,82,-0.04117546831772595,NO2,full
cotocollao,0.2986725683400124,0.32596748826247524,52,81,0.027294919922462857,NO2,full
guamani,0.3140920835499036,0.2985071013758481,52,75,-0.015584982174055462,NO2,full
loschillos,0.2545034210666138,0.25358462194621506,52,72,-9.187991203987167e-4,NO2,full
tumbaco,0.3411541399962607,0.3446178773650991,52,75,0.003463737368838371,NO2,full
belisario,0.35880755890899335,0.3953016056733841,52,68,0.036494046764390775,NO2,donut
carapungo,0.27717744782144377,0.28675615269335397,52,64,0.009578704871910204,NO2,donut
centro,0.34123744691794666,0.31730175955952306,52,68,-0.023935687358423607,NO2,donut
cotocollao,0.2986725683400124,0.3174396544903822,52,67,0.018767086150369816,NO2,donut
guamani,0.3140920835499036,0.31451229612077963,52,67,4.20212570876044e-4,NO2,donut
loschillos,0.2545034210666138,0.2644917364811259,52,63,0.009988315414512117,NO2,donut
tumbaco,0.3411541399962607,0.3427192678976068,52,67,0.0015651279013461084,NO2,donut
belisario,0.35880755890899335,0.3888422785716368,52,42,0.030034719662643428,NO2,pre_blackout
carapungo,0.27717744782144377,0.24835169007537478,52,42,-0.028825757746068992,NO2,pre_blackout
centro,0.34123744691794666,0.3203437223144436,52,42,-0.020893724603503083,NO2,pre_blackout
cotocollao,0.2986725683400124,0.278798460943576,52,41,-0.019874107396436358,NO2,pre_blackout
guamani,0.3140920835499036,0.30282986183029603,52,42,-0.011262221719607557,NO2,pre_blackout
loschillos,0.2545034210666138,0.22621963844029105,52,42,-0.028283782626322723,NO2,pre_blackout
tumbaco,0.3411541399962607,0.31767313851037465,52,42,-0.023481001485886055,NO2,pre_blackout
belisario,0.4919943446208767,0.5007415215501815,49,79,0.008747176929304767,CO,full
carapungo,0.3073260374939575,0.3388973146779396,52,77,0.031571277183982116,CO,full
centro,0.4592489699901804,0.4483788745373904,52,82,-0.010870095452789996,CO,full
cotocollao,0.42624192478923356,0.533006520351095,51,80,0.10676459556186141,CO,full
guamani,0.31257149294080444,0.2508765509149805,51,74,-0.06169494202582393,CO,full
loschillos,0.3374498834136126,0.5018485584033078,52,73,0.16439867498969518,CO,full
tumbaco,0.33051061782370217,0.3746784322816353,52,72,0.04416781445793311,CO,full
belisario,0.4919943446208767,0.5087092125460256,49,67,0.016714867925148924,CO,donut
carapungo,0.3073260374939575,0.3599533142541725,52,66,0.052627276760215,CO,donut
centro,0.4592489699901804,0.4578394637503642,52,68,-0.0014095062398161717,CO,donut
cotocollao,0.42624192478923356,0.5298611196049312,51,66,0.10361919481569765,CO,donut
guamani,0.31257149294080444,0.25962681832047174,51,66,-0.0529446746203327,CO,donut
loschillos,0.3374498834136126,0.5426749179887466,52,64,0.20522503457513397,CO,donut
tumbaco,0.33051061782370217,0.38396105724125335,52,66,0.05345043941755118,CO,donut
belisario,0.4919943446208767,0.4656471917245679,49,42,-0.02634715289630879,CO,pre_blackout
carapungo,0.3073260374939575,0.33699677099381964,52,42,0.029670733499862156,CO,pre_blackout
centro,0.4592489699901804,0.4415834663379982,52,42,-0.01766550365218217,CO,pre_blackout
cotocollao,0.42624192478923356,0.4894498060621424,51,40,0.06320788127290883,CO,pre_blackout
guamani,0.31257149294080444,0.22870043046476676,51,41,-0.08387106247603768,CO,pre_blackout
loschillos,0.3374498834136126,0.5231744757440728,52,42,0.18572459233046024,CO,pre_blackout
tumbaco,0.33051061782370217,0.38855584381740255,52,40,0.05804522599370038,CO,pre_blackout
