pollutant,spec,method,sample,donor,weight_old,weight_new
PM25,M7,AugFE,pre_blackout,carapungo,-0.0403,-0.047
PM25,M7,AugFE,pre_blackout,cotocollao,0.2144,0.2286
PM25,M7,AugFE,pre_blackout,guamani,0.3307,0.3058
PM25,M7,AugFE,pre_blackout,loschillos,0.5797,0.6029
PM25,M7,AugFE,pre_blackout,sanantonio,-0.0497,-0.0548
PM25,M7,AugFE,pre_blackout,tumbaco,-0.0347,-0.0354
PM25,M7,AugFE,donut,carapungo,-0.0403,-0.047
PM25,M7,AugFE,donut,cotocollao,0.2144,0.2286
PM25,M7,AugFE,donut,guamani,0.3307,0.3058
PM25,M7,AugFE,donut,loschillos,0.5797,0.6029
PM25,M7,AugFE,donut,sanantonio,-0.0497,-0.0548
PM25,M7,AugFE,donut,tumbaco,-0.0347,-0.0354
PM25,M7,AugFE,full,carapungo,-0.0403,-0.047
PM25,M7,AugFE,full,cotocollao,0.2144,0.2286
PM25,M7,AugFE,full,guamani,0.3307,0.3058
PM25,M7,AugFE,full,loschillos,0.5797,0.6029
PM25,M7,AugFE,full,sanantonio,-0.0497,-0.0548
PM25,M7,AugFE,full,tumbaco,-0.0347,-0.0354
PM25,M9,AugFE,pre_blackout,carapungo,-0.0543,-0.0615
PM25,M9,AugFE,pre_blackout,cotocollao,0.1218,0.1244
PM25,M9,AugFE,pre_blackout,guamani,0.3977,0.3796
PM25,M9,AugFE,pre_blackout,loschillos,0.6084,0.6364
PM25,M9,AugFE,pre_blackout,sanantonio,-0.0452,-0.0508
PM25,M9,AugFE,pre_blackout,tumbaco,-0.0284,-0.0281
PM25,M9,AugFE,donut,carapungo,-0.0543,-0.0615
PM25,M9,AugFE,donut,cotocollao,0.1218,0.1244
PM25,M9,AugFE,donut,guamani,0.3977,0.3796
PM25,M9,AugFE,donut,loschillos,0.6084,0.6364
PM25,M9,AugFE,donut,sanantonio,-0.0452,-0.0508
PM25,M9,AugFE,donut,tumbaco,-0.0284,-0.0281
PM25,M9,AugFE,full,carapungo,-0.0543,-0.0615
PM25,M9,AugFE,full,cotocollao,0.1218,0.1244
PM25,M9,AugFE,full,guamani,0.3977,0.3796
PM25,M9,AugFE,full,loschillos,0.6084,0.6364
PM25,M9,AugFE,full,sanantonio,-0.0452,-0.0508
PM25,M9,AugFE,full,tumbaco,-0.0284,-0.0281
PM25,M8,AugFE,pre_blackout,carapungo,-0.0264,-0.0326
PM25,M8,AugFE,pre_blackout,cotocollao,0.3071,0.3328
PM25,M8,AugFE,pre_blackout,guamani,0.2637,0.2319
PM25,M8,AugFE,pre_blackout,loschillos,0.5509,0.5694
PM25,M8,AugFE,pre_blackout,sanantonio,-0.0543,-0.0587
PM25,M8,AugFE,pre_blackout,tumbaco,-0.041,-0.0428
PM25,M8,AugFE,donut,carapungo,-0.0264,-0.0326
PM25,M8,AugFE,donut,cotocollao,0.3071,0.3328
PM25,M8,AugFE,donut,guamani,0.2637,0.2319
PM25,M8,AugFE,donut,loschillos,0.5509,0.5694
PM25,M8,AugFE,donut,sanantonio,-0.0543,-0.0587
PM25,M8,AugFE,donut,tumbaco,-0.041,-0.0428
PM25,M8,AugFE,full,carapungo,-0.0264,-0.0326
PM25,M8,AugFE,full,cotocollao,0.3071,0.3328
PM25,M8,AugFE,full,guamani,0.2637,0.2319
PM25,M8,AugFE,full,loschillos,0.5509,0.5694
PM25,M8,AugFE,full,sanantonio,-0.0543,-0.0587
PM25,M8,AugFE,full,tumbaco,-0.041,-0.0428
PM25,M8b,AugFE,pre_blackout,belisario,0.846,0.8487
PM25,M8b,AugFE,pre_blackout,carapungo,0.064,0.0666
PM25,M8b,AugFE,pre_blackout,cotocollao,0.071,0.0696
PM25,M8b,AugFE,pre_blackout,guamani,-0.012,-0.0162
PM25,M8b,AugFE,pre_blackout,loschillos,0.0491,0.0491
PM25,M8b,AugFE,pre_blackout,sanantonio,-0.0123,-0.0122
PM25,M8b,AugFE,pre_blackout,tumbaco,-0.0058,-0.0056
PM25,M8b,AugFE,donut,belisario,0.846,0.8487
PM25,M8b,AugFE,donut,carapungo,0.064,0.0666
PM25,M8b,AugFE,donut,cotocollao,0.071,0.0696
PM25,M8b,AugFE,donut,guamani,-0.012,-0.0162
PM25,M8b,AugFE,donut,loschillos,0.0491,0.0491
PM25,M8b,AugFE,donut,sanantonio,-0.0123,-0.0122
PM25,M8b,AugFE,donut,tumbaco,-0.0058,-0.0056
PM25,M8b,AugFE,full,belisario,0.846,0.8487
PM25,M8b,AugFE,full,carapungo,0.064,0.0666
PM25,M8b,AugFE,full,cotocollao,0.071,0.0696
PM25,M8b,AugFE,full,guamani,-0.012,-0.0162
PM25,M8b,AugFE,full,loschillos,0.0491,0.0491
PM25,M8b,AugFE,full,sanantonio,-0.0123,-0.0122
PM25,M8b,AugFE,full,tumbaco,-0.0058,-0.0056
PM25,M5b,AugNoFE,pre_blackout,belisario,0.9037,0.9036
PM25,M5b,AugNoFE,pre_blackout,carapungo,0.116,0.117
PM25,M5b,AugNoFE,pre_blackout,cotocollao,0.0082,0.0084
PM25,M5b,AugNoFE,pre_blackout,guamani,-0.0033,-0.0045
PM25,M5b,AugNoFE,pre_blackout,loschillos,-0.0012,-0.0011
PM25,M5b,AugNoFE,pre_blackout,sanantonio,-0.0045,-0.0045
PM25,M5b,AugNoFE,pre_blackout,tumbaco,-0.019,-0.0188
PM25,M5b,AugNoFE,donut,belisario,0.9037,0.9036
PM25,M5b,AugNoFE,donut,carapungo,0.116,0.117
PM25,M5b,AugNoFE,donut,cotocollao,0.0082,0.0084
PM25,M5b,AugNoFE,donut,guamani,-0.0033,-0.0045
PM25,M5b,AugNoFE,donut,loschillos,-0.0012,-0.0011
PM25,M5b,AugNoFE,donut,sanantonio,-0.0045,-0.0045
PM25,M5b,AugNoFE,donut,tumbaco,-0.019,-0.0188
PM25,M5b,AugNoFE,full,belisario,0.9037,0.9036
PM25,M5b,AugNoFE,full,carapungo,0.116,0.117
PM25,M5b,AugNoFE,full,cotocollao,0.0082,0.0084
PM25,M5b,AugNoFE,full,guamani,-0.0033,-0.0045
PM25,M5b,AugNoFE,full,loschillos,-0.0012,-0.0011
PM25,M5b,AugNoFE,full,sanantonio,-0.0045,-0.0045
PM25,M5b,AugNoFE,full,tumbaco,-0.019,-0.0188
PM25,M1,SDID,pre_blackout,carapungo,0.1294,0.1296
PM25,M1,SDID,pre_blackout,cotocollao,0.1786,0.1813
PM25,M1,SDID,pre_blackout,guamani,0.1974,0.1951
PM25,M1,SDID,pre_blackout,loschillos,0.1915,0.1927
PM25,M1,SDID,pre_blackout,sanantonio,0.14,0.1394
PM25,M1,SDID,pre_blackout,tumbaco,0.1631,0.1619
PM25,M1,SDID,donut,carapungo,0.132,0.1366
PM25,M1,SDID,donut,cotocollao,0.1776,0.1783
PM25,M1,SDID,donut,guamani,0.1953,0.1899
PM25,M1,SDID,donut,loschillos,0.1896,0.1874
PM25,M1,SDID,donut,sanantonio,0.1421,0.1448
PM25,M1,SDID,donut,tumbaco,0.1634,0.163
PM25,M1,SDID,full,carapungo,0.1356,0.139
PM25,M1,SDID,full,cotocollao,0.1764,0.1773
PM25,M1,SDID,full,guamani,0.1924,0.1881
PM25,M1,SDID,full,loschillos,0.1871,0.1857
PM25,M1,SDID,full,sanantonio,0.1447,0.1466
PM25,M1,SDID,full,tumbaco,0.1638,0.1634
PM25,M2,SDID,pre_blackout,carapungo,0.1253,0.1264
PM25,M2,SDID,pre_blackout,cotocollao,0.184,0.1876
PM25,M2,SDID,pre_blackout,guamani,0.1999,0.1962
PM25,M2,SDID,pre_blackout,loschillos,0.199,0.2005
PM25,M2,SDID,pre_blackout,sanantonio,0.1328,0.1316
PM25,M2,SDID,pre_blackout,tumbaco,0.159,0.1577
PM25,M2,SDID,donut,carapungo,0.1281,0.1337
PM25,M2,SDID,donut,cotocollao,0.1827,0.1834
PM25,M2,SDID,donut,guamani,0.1978,0.1912
PM25,M2,SDID,donut,loschillos,0.1965,0.1937
PM25,M2,SDID,donut,sanantonio,0.1353,0.1384
PM25,M2,SDID,donut,tumbaco,0.1597,0.1597
PM25,M2,SDID,full,carapungo,0.1319,0.1362
PM25,M2,SDID,full,cotocollao,0.1809,0.182
PM25,M2,SDID,full,guamani,0.1949,0.1894
PM25,M2,SDID,full,loschillos,0.1933,0.1914
PM25,M2,SDID,full,sanantonio,0.1385,0.1407
PM25,M2,SDID,full,tumbaco,0.1605,0.1603
PM25,M2b,SDID,pre_blackout,belisario,0.2222,0.2242
PM25,M2b,SDID,pre_blackout,carapungo,0.1028,0.1037
PM25,M2b,SDID,pre_blackout,cotocollao,0.1426,0.1449
PM25,M2b,SDID,pre_blackout,guamani,0.1511,0.1477
PM25,M2b,SDID,pre_blackout,loschillos,0.1524,0.153
PM25,M2b,SDID,pre_blackout,sanantonio,0.1058,0.1046
PM25,M2b,SDID,pre_blackout,tumbaco,0.1232,0.122
PM25,M2b,SDID,donut,belisario,0.2165,0.209
PM25,M2b,SDID,donut,carapungo,0.1053,0.1102
PM25,M2b,SDID,donut,cotocollao,0.1426,0.1445
PM25,M2b,SDID,donut,guamani,0.1509,0.1476
PM25,M2b,SDID,donut,loschillos,0.1517,0.1512
PM25,M2b,SDID,donut,sanantonio,0.1084,0.1115
PM25,M2b,SDID,donut,tumbaco,0.1246,0.1261
PM25,M2b,SDID,full,belisario,0.209,0.2038
PM25,M2b,SDID,full,carapungo,0.1087,0.1125
PM25,M2b,SDID,full,cotocollao,0.1426,0.1443
PM25,M2b,SDID,full,guamani,0.1505,0.1475
PM25,M2b,SDID,full,loschillos,0.1509,0.1506
PM25,M2b,SDID,full,sanantonio,0.1117,0.1139
PM25,M2b,SDID,full,tumbaco,0.1266,0.1274
PM25,M3,SDID,pre_blackout,carapungo,0.1086,0.108
PM25,M3,SDID,pre_blackout,cotocollao,0.1824,0.1861
PM25,M3,SDID,pre_blackout,guamani,0.2146,0.212
PM25,M3,SDID,pre_blackout,loschillos,0.2027,0.2047
PM25,M3,SDID,pre_blackout,sanantonio,0.1282,0.1273
PM25,M3,SDID,pre_blackout,tumbaco,0.1636,0.1618
PM25,M3,SDID,donut,carapungo,0.1126,0.1186
PM25,M3,SDID,donut,cotocollao,0.1812,0.1822
PM25,M3,SDID,donut,guamani,0.2114,0.2041
PM25,M3,SDID,donut,loschillos,0.2,0.1972
PM25,M3,SDID,donut,sanantonio,0.131,0.1349
PM25,M3,SDID,donut,tumbaco,0.1639,0.163
PM25,M3,SDID,full,carapungo,0.1178,0.1223
PM25,M3,SDID,full,cotocollao,0.1796,0.1809
PM25,M3,SDID,full,guamani,0.2072,0.2013
PM25,M3,SDID,full,loschillos,0.1964,0.1946
PM25,M3,SDID,full,sanantonio,0.1347,0.1375
PM25,M3,SDID,full,tumbaco,0.1644,0.1634
PM25,M4,AugNoFE,pre_blackout,carapungo,-0.0576,-0.0684
PM25,M4,AugNoFE,pre_blackout,cotocollao,0.665,0.6846
PM25,M4,AugNoFE,pre_blackout,guamani,0.3084,0.288
PM25,M4,AugNoFE,pre_blackout,loschillos,0.4911,0.5086
PM25,M4,AugNoFE,pre_blackout,sanantonio,-0.0232,-0.0291
PM25,M4,AugNoFE,pre_blackout,tumbaco,-0.3837,-0.3836
PM25,M4,AugNoFE,donut,carapungo,-0.0576,-0.0684
PM25,M4,AugNoFE,donut,cotocollao,0.665,0.6846
PM25,M4,AugNoFE,donut,guamani,0.3084,0.288
PM25,M4,AugNoFE,donut,loschillos,0.4911,0.5086
PM25,M4,AugNoFE,donut,sanantonio,-0.0232,-0.0291
PM25,M4,AugNoFE,donut,tumbaco,-0.3837,-0.3836
PM25,M4,AugNoFE,full,carapungo,-0.0576,-0.0684
PM25,M4,AugNoFE,full,cotocollao,0.665,0.6846
PM25,M4,AugNoFE,full,guamani,0.3084,0.288
PM25,M4,AugNoFE,full,loschillos,0.4911,0.5086
PM25,M4,AugNoFE,full,sanantonio,-0.0232,-0.0291
PM25,M4,AugNoFE,full,tumbaco,-0.3837,-0.3836
PM25,M5,AugNoFE,pre_blackout,carapungo,-0.008,-0.0182
PM25,M5,AugNoFE,pre_blackout,cotocollao,0.7134,0.7418
PM25,M5,AugNoFE,pre_blackout,guamani,0.2611,0.2352
PM25,M5,AugNoFE,pre_blackout,loschillos,0.4688,0.4836
PM25,M5,AugNoFE,pre_blackout,sanantonio,-0.0317,-0.0365
PM25,M5,AugNoFE,pre_blackout,tumbaco,-0.4037,-0.406
PM25,M5,AugNoFE,donut,carapungo,-0.008,-0.0182
PM25,M5,AugNoFE,donut,cotocollao,0.7134,0.7418
PM25,M5,AugNoFE,donut,guamani,0.2611,0.2352
PM25,M5,AugNoFE,donut,loschillos,0.4688,0.4836
PM25,M5,AugNoFE,donut,sanantonio,-0.0317,-0.0365
PM25,M5,AugNoFE,donut,tumbaco,-0.4037,-0.406
PM25,M5,AugNoFE,full,carapungo,-0.008,-0.0182
PM25,M5,AugNoFE,full,cotocollao,0.7134,0.7418
PM25,M5,AugNoFE,full,guamani,0.2611,0.2352
PM25,M5,AugNoFE,full,loschillos,0.4688,0.4836
PM25,M5,AugNoFE,full,sanantonio,-0.0317,-0.0365
PM25,M5,AugNoFE,full,tumbaco,-0.4037,-0.406
PM25,M6,AugNoFE,pre_blackout,carapungo,-0.0971,-0.1026
PM25,M6,AugNoFE,pre_blackout,cotocollao,0.5855,0.5771
PM25,M6,AugNoFE,pre_blackout,guamani,0.3641,0.3548
PM25,M6,AugNoFE,pre_blackout,loschillos,0.5224,0.5485
PM25,M6,AugNoFE,pre_blackout,sanantonio,-0.0143,-0.022
PM25,M6,AugNoFE,pre_blackout,tumbaco,-0.3605,-0.3558
PM25,M6,AugNoFE,donut,carapungo,-0.0971,-0.1026
PM25,M6,AugNoFE,donut,cotocollao,0.5855,0.5771
PM25,M6,AugNoFE,donut,guamani,0.3641,0.3548
PM25,M6,AugNoFE,donut,loschillos,0.5224,0.5485
PM25,M6,AugNoFE,donut,sanantonio,-0.0143,-0.022
PM25,M6,AugNoFE,donut,tumbaco,-0.3605,-0.3558
PM25,M6,AugNoFE,full,carapungo,-0.0971,-0.1026
PM25,M6,AugNoFE,full,cotocollao,0.5855,0.5771
PM25,M6,AugNoFE,full,guamani,0.3641,0.3548
PM25,M6,AugNoFE,full,loschillos,0.5224,0.5485
PM25,M6,AugNoFE,full,sanantonio,-0.0143,-0.022
PM25,M6,AugNoFE,full,tumbaco,-0.3605,-0.3558
CO,M7,AugFE,pre_blackout,carapungo,0.1127,0.1133
CO,M7,AugFE,pre_blackout,cotocollao,0.3157,0.3211
CO,M7,AugFE,pre_blackout,guamani,0.4265,0.4261
CO,M7,AugFE,pre_blackout,loschillos,0.072,0.0715
CO,M7,AugFE,pre_blackout,tumbaco,0.0731,0.068
CO,M7,AugFE,donut,carapungo,0.1127,0.1133
CO,M7,AugFE,donut,cotocollao,0.3157,0.3211
CO,M7,AugFE,donut,guamani,0.4265,0.4261
CO,M7,AugFE,donut,loschillos,0.072,0.0715
CO,M7,AugFE,donut,tumbaco,0.0731,0.068
CO,M7,AugFE,full,carapungo,0.1127,0.1133
CO,M7,AugFE,full,cotocollao,0.3157,0.3211
CO,M7,AugFE,full,guamani,0.4265,0.4261
CO,M7,AugFE,full,loschillos,0.072,0.0715
CO,M7,AugFE,full,tumbaco,0.0731,0.068
CO,M9,AugFE,pre_blackout,carapungo,0.2951,0.2933
CO,M9,AugFE,pre_blackout,cotocollao,0.1107,0.11
CO,M9,AugFE,pre_blackout,guamani,0.3604,0.361
CO,M9,AugFE,pre_blackout,loschillos,0.0467,0.0493
CO,M9,AugFE,pre_blackout,tumbaco,0.1871,0.1864
CO,M9,AugFE,donut,carapungo,0.2951,0.2933
CO,M9,AugFE,donut,cotocollao,0.1107,0.11
CO,M9,AugFE,donut,guamani,0.3604,0.361
CO,M9,AugFE,donut,loschillos,0.0467,0.0493
CO,M9,AugFE,donut,tumbaco,0.1871,0.1864
CO,M9,AugFE,full,carapungo,0.2951,0.2933
CO,M9,AugFE,full,cotocollao,0.1107,0.11
CO,M9,AugFE,full,guamani,0.3604,0.361
CO,M9,AugFE,full,loschillos,0.0467,0.0493
CO,M9,AugFE,full,tumbaco,0.1871,0.1864
CO,M8,AugFE,pre_blackout,carapungo,-0.0174,-0.0167
CO,M8,AugFE,pre_blackout,cotocollao,0.5059,0.5168
CO,M8,AugFE,pre_blackout,guamani,0.4837,0.4817
CO,M8,AugFE,pre_blackout,loschillos,0.0372,0.0295
CO,M8,AugFE,pre_blackout,tumbaco,-0.0094,-0.0114
CO,M8,AugFE,donut,carapungo,-0.0174,-0.0167
CO,M8,AugFE,donut,cotocollao,0.5059,0.5168
CO,M8,AugFE,donut,guamani,0.4837,0.4817
CO,M8,AugFE,donut,loschillos,0.0372,0.0295
CO,M8,AugFE,donut,tumbaco,-0.0094,-0.0114
CO,M8,AugFE,full,carapungo,-0.0174,-0.0167
CO,M8,AugFE,full,cotocollao,0.5059,0.5168
CO,M8,AugFE,full,guamani,0.4837,0.4817
CO,M8,AugFE,full,loschillos,0.0372,0.0295
CO,M8,AugFE,full,tumbaco,-0.0094,-0.0114
CO,M8b,AugFE,pre_blackout,belisario,0.2615,0.2513
CO,M8b,AugFE,pre_blackout,carapungo,-0.0426,-0.0413
CO,M8b,AugFE,pre_blackout,cotocollao,0.4194,0.4292
CO,M8b,AugFE,pre_blackout,guamani,0.3881,0.3906
CO,M8b,AugFE,pre_blackout,loschillos,0.0024,9e-4
CO,M8b,AugFE,pre_blackout,tumbaco,-0.0287,-0.0306
CO,M8b,AugFE,donut,belisario,0.2615,0.2513
CO,M8b,AugFE,donut,carapungo,-0.0426,-0.0413
CO,M8b,AugFE,donut,cotocollao,0.4194,0.4292
CO,M8b,AugFE,donut,guamani,0.3881,0.3906
CO,M8b,AugFE,donut,loschillos,0.0024,9e-4
CO,M8b,AugFE,donut,tumbaco,-0.0287,-0.0306
CO,M8b,AugFE,full,belisario,0.2615,0.2513
CO,M8b,AugFE,full,carapungo,-0.0426,-0.0413
CO,M8b,AugFE,full,cotocollao,0.4194,0.4292
CO,M8b,AugFE,full,guamani,0.3881,0.3906
CO,M8b,AugFE,full,loschillos,0.0024,9e-4
CO,M8b,AugFE,full,tumbaco,-0.0287,-0.0306
CO,M5b,AugNoFE,pre_blackout,belisario,0.5709,0.5719
CO,M5b,AugNoFE,pre_blackout,carapungo,-0.032,-0.0317
CO,M5b,AugNoFE,pre_blackout,cotocollao,0.3045,0.3094
CO,M5b,AugNoFE,pre_blackout,guamani,0.1923,0.1887
CO,M5b,AugNoFE,pre_blackout,loschillos,-4e-4,-0.0014
CO,M5b,AugNoFE,pre_blackout,tumbaco,-0.0352,-0.037
CO,M5b,AugNoFE,donut,belisario,0.5709,0.5719
CO,M5b,AugNoFE,donut,carapungo,-0.032,-0.0317
CO,M5b,AugNoFE,donut,cotocollao,0.3045,0.3094
CO,M5b,AugNoFE,donut,guamani,0.1923,0.1887
CO,M5b,AugNoFE,donut,loschillos,-4e-4,-0.0014
CO,M5b,AugNoFE,donut,tumbaco,-0.0352,-0.037
CO,M5b,AugNoFE,full,belisario,0.5709,0.5719
CO,M5b,AugNoFE,full,carapungo,-0.032,-0.0317
CO,M5b,AugNoFE,full,cotocollao,0.3045,0.3094
CO,M5b,AugNoFE,full,guamani,0.1923,0.1887
CO,M5b,AugNoFE,full,loschillos,-4e-4,-0.0014
CO,M5b,AugNoFE,full,tumbaco,-0.0352,-0.037
CO,M1,SDID,pre_blackout,carapungo,0.1955,0.1955
CO,M1,SDID,pre_blackout,cotocollao,0.2064,0.2071
CO,M1,SDID,pre_blackout,guamani,0.2403,0.2408
CO,M1,SDID,pre_blackout,loschillos,0.1671,0.1664
CO,M1,SDID,pre_blackout,tumbaco,0.1908,0.1903
CO,M1,SDID,donut,carapungo,0.1963,0.1963
CO,M1,SDID,donut,cotocollao,0.2051,0.2057
CO,M1,SDID,donut,guamani,0.2326,0.2329
CO,M1,SDID,donut,loschillos,0.1734,0.1729
CO,M1,SDID,donut,tumbaco,0.1926,0.1922
CO,M1,SDID,full,carapungo,0.1966,0.1966
CO,M1,SDID,full,cotocollao,0.2047,0.2052
CO,M1,SDID,full,guamani,0.2299,0.2303
CO,M1,SDID,full,loschillos,0.1756,0.1751
CO,M1,SDID,full,tumbaco,0.1932,0.1928
CO,M2,SDID,pre_blackout,carapungo,0.172,0.1721
CO,M2,SDID,pre_blackout,cotocollao,0.2398,0.2418
CO,M2,SDID,pre_blackout,guamani,0.2785,0.2796
CO,M2,SDID,pre_blackout,loschillos,0.1435,0.1416
CO,M2,SDID,pre_blackout,tumbaco,0.1662,0.1649
CO,M2,SDID,donut,carapungo,0.1772,0.1772
CO,M2,SDID,donut,cotocollao,0.2323,0.2339
CO,M2,SDID,donut,guamani,0.264,0.2649
CO,M2,SDID,donut,loschillos,0.1539,0.1523
CO,M2,SDID,donut,tumbaco,0.1727,0.1717
CO,M2,SDID,full,carapungo,0.179,0.179
CO,M2,SDID,full,cotocollao,0.2297,0.2312
CO,M2,SDID,full,guamani,0.259,0.2598
CO,M2,SDID,full,loschillos,0.1575,0.156
CO,M2,SDID,full,tumbaco,0.1749,0.174
CO,M2b,SDID,pre_blackout,belisario,0.1901,0.1897
CO,M2b,SDID,pre_blackout,carapungo,0.1312,0.1314
CO,M2b,SDID,pre_blackout,cotocollao,0.2055,0.2076
CO,M2b,SDID,pre_blackout,guamani,0.2339,0.2351
CO,M2b,SDID,pre_blackout,loschillos,0.1122,0.1104
CO,M2b,SDID,pre_blackout,tumbaco,0.127,0.1258
CO,M2b,SDID,donut,belisario,0.1857,0.1854
CO,M2b,SDID,donut,carapungo,0.1379,0.1381
CO,M2b,SDID,donut,cotocollao,0.1981,0.1998
CO,M2b,SDID,donut,guamani,0.2216,0.2225
CO,M2b,SDID,donut,loschillos,0.1221,0.1206
CO,M2b,SDID,donut,tumbaco,0.1347,0.1337
CO,M2b,SDID,full,belisario,0.1842,0.1839
CO,M2b,SDID,full,carapungo,0.1402,0.1403
CO,M2b,SDID,full,cotocollao,0.1955,0.1971
CO,M2b,SDID,full,guamani,0.2173,0.2182
CO,M2b,SDID,full,loschillos,0.1255,0.1241
CO,M2b,SDID,full,tumbaco,0.1373,0.1364
CO,M3,SDID,pre_blackout,carapungo,0.2163,0.2161
CO,M3,SDID,pre_blackout,cotocollao,0.1774,0.1772
CO,M3,SDID,pre_blackout,guamani,0.2299,0.2299
CO,M3,SDID,pre_blackout,loschillos,0.1677,0.1679
CO,M3,SDID,pre_blackout,tumbaco,0.2087,0.2088
CO,M3,SDID,donut,carapungo,0.213,0.2129
CO,M3,SDID,donut,cotocollao,0.1817,0.1816
CO,M3,SDID,donut,guamani,0.2244,0.2244
CO,M3,SDID,donut,loschillos,0.1739,0.174
CO,M3,SDID,donut,tumbaco,0.207,0.207
CO,M3,SDID,full,carapungo,0.212,0.2119
CO,M3,SDID,full,cotocollao,0.1832,0.1831
CO,M3,SDID,full,guamani,0.2225,0.2225
CO,M3,SDID,full,loschillos,0.176,0.1761
CO,M3,SDID,full,tumbaco,0.2064,0.2064
CO,M4,AugNoFE,pre_blackout,carapungo,0.581,0.5794
CO,M4,AugNoFE,pre_blackout,cotocollao,0.1439,0.1487
CO,M4,AugNoFE,pre_blackout,guamani,0.0559,0.0544
CO,M4,AugNoFE,pre_blackout,loschillos,0.3087,0.3072
CO,M4,AugNoFE,pre_blackout,tumbaco,-0.0896,-0.0898
CO,M4,AugNoFE,donut,carapungo,0.581,0.5794
CO,M4,AugNoFE,donut,cotocollao,0.1439,0.1487
CO,M4,AugNoFE,donut,guamani,0.0559,0.0544
CO,M4,AugNoFE,donut,loschillos,0.3087,0.3072
CO,M4,AugNoFE,donut,tumbaco,-0.0896,-0.0898
CO,M4,AugNoFE,full,carapungo,0.581,0.5794
CO,M4,AugNoFE,full,cotocollao,0.1439,0.1487
CO,M4,AugNoFE,full,guamani,0.0559,0.0544
CO,M4,AugNoFE,full,loschillos,0.3087,0.3072
CO,M4,AugNoFE,full,tumbaco,-0.0896,-0.0898
CO,M5,AugNoFE,pre_blackout,carapungo,0.3047,0.30620000000000003
CO,M5,AugNoFE,pre_blackout,cotocollao,0.3686,0.3781
CO,M5,AugNoFE,pre_blackout,guamani,0.1618,0.1577
CO,M5,AugNoFE,pre_blackout,loschillos,0.2578,0.2522
CO,M5,AugNoFE,pre_blackout,tumbaco,-0.0928,-0.0942
CO,M5,AugNoFE,donut,carapungo,0.3047,0.30620000000000003
CO,M5,AugNoFE,donut,cotocollao,0.3686,0.3781
CO,M5,AugNoFE,donut,guamani,0.1618,0.1577
CO,M5,AugNoFE,donut,loschillos,0.2578,0.2522
CO,M5,AugNoFE,donut,tumbaco,-0.0928,-0.0942
CO,M5,AugNoFE,full,carapungo,0.3047,0.30620000000000003
CO,M5,AugNoFE,full,cotocollao,0.3686,0.3781
CO,M5,AugNoFE,full,guamani,0.1618,0.1577
CO,M5,AugNoFE,full,loschillos,0.2578,0.2522
CO,M5,AugNoFE,full,tumbaco,-0.0928,-0.0942
CO,M6,AugNoFE,pre_blackout,carapungo,0.797,0.791
CO,M6,AugNoFE,pre_blackout,cotocollao,-0.0079,-0.0079
CO,M6,AugNoFE,pre_blackout,guamani,-0.029,-0.0285
CO,M6,AugNoFE,pre_blackout,loschillos,0.32,0.3249
CO,M6,AugNoFE,pre_blackout,tumbaco,-0.0802,-0.0794
CO,M6,AugNoFE,donut,carapungo,0.797,0.791
CO,M6,AugNoFE,donut,cotocollao,-0.0079,-0.0079
CO,M6,AugNoFE,donut,guamani,-0.029,-0.0285
CO,M6,AugNoFE,donut,loschillos,0.32,0.3249
CO,M6,AugNoFE,donut,tumbaco,-0.0802,-0.0794
CO,M6,AugNoFE,full,carapungo,0.797,0.791
CO,M6,AugNoFE,full,cotocollao,-0.0079,-0.0079
CO,M6,AugNoFE,full,guamani,-0.029,-0.0285
CO,M6,AugNoFE,full,loschillos,0.32,0.3249
CO,M6,AugNoFE,full,tumbaco,-0.0802,-0.0794
NO2,M7,AugFE,pre_blackout,carapungo,-0.0092,-0.0093
NO2,M7,AugFE,pre_blackout,cotocollao,0.37,0.37
NO2,M7,AugFE,pre_blackout,guamani,0.2422,0.2422
NO2,M7,AugFE,pre_blackout,loschillos,0.4074,0.4074
NO2,M7,AugFE,pre_blackout,tumbaco,-0.0103,-0.0103
NO2,M7,AugFE,donut,carapungo,-0.0092,-0.0093
NO2,M7,AugFE,donut,cotocollao,0.37,0.37
NO2,M7,AugFE,donut,guamani,0.2422,0.2422
NO2,M7,AugFE,donut,loschillos,0.4074,0.4074
NO2,M7,AugFE,donut,tumbaco,-0.0103,-0.0103
NO2,M7,AugFE,full,carapungo,-0.0092,-0.0093
NO2,M7,AugFE,full,cotocollao,0.37,0.37
NO2,M7,AugFE,full,guamani,0.2422,0.2422
NO2,M7,AugFE,full,loschillos,0.4074,0.4074
NO2,M7,AugFE,full,tumbaco,-0.0103,-0.0103
NO2,M9,AugFE,pre_blackout,carapungo,0.0574,0.0572
NO2,M9,AugFE,pre_blackout,cotocollao,0.3279,0.3279
NO2,M9,AugFE,pre_blackout,guamani,0.2217,0.2216
NO2,M9,AugFE,pre_blackout,loschillos,0.4013,0.4013
NO2,M9,AugFE,pre_blackout,tumbaco,-0.0083,-0.0081
NO2,M9,AugFE,donut,carapungo,0.0574,0.0572
NO2,M9,AugFE,donut,cotocollao,0.3279,0.3279
NO2,M9,AugFE,donut,guamani,0.2217,0.2216
NO2,M9,AugFE,donut,loschillos,0.4013,0.4013
NO2,M9,AugFE,donut,tumbaco,-0.0083,-0.0081
NO2,M9,AugFE,full,carapungo,0.0574,0.0572
NO2,M9,AugFE,full,cotocollao,0.3279,0.3279
NO2,M9,AugFE,full,guamani,0.2217,0.2216
NO2,M9,AugFE,full,loschillos,0.4013,0.4013
NO2,M9,AugFE,full,tumbaco,-0.0083,-0.0081
NO2,M8,AugFE,pre_blackout,carapungo,-0.0316,-0.0315
NO2,M8,AugFE,pre_blackout,cotocollao,0.3798,0.3798
NO2,M8,AugFE,pre_blackout,guamani,0.2757,0.2756
NO2,M8,AugFE,pre_blackout,loschillos,0.389,0.3891
NO2,M8,AugFE,pre_blackout,tumbaco,-0.0129,-0.013
NO2,M8,AugFE,donut,carapungo,-0.0316,-0.0315
NO2,M8,AugFE,donut,cotocollao,0.3798,0.3798
NO2,M8,AugFE,donut,guamani,0.2757,0.2756
NO2,M8,AugFE,donut,loschillos,0.389,0.3891
NO2,M8,AugFE,donut,tumbaco,-0.0129,-0.013
NO2,M8,AugFE,full,carapungo,-0.0316,-0.0315
NO2,M8,AugFE,full,cotocollao,0.3798,0.3798
NO2,M8,AugFE,full,guamani,0.2757,0.2756
NO2,M8,AugFE,full,loschillos,0.389,0.3891
NO2,M8,AugFE,full,tumbaco,-0.0129,-0.013
NO2,M8b,AugFE,pre_blackout,belisario,0.494,0.4941
NO2,M8b,AugFE,pre_blackout,carapungo,-0.0382,-0.0381
NO2,M8b,AugFE,pre_blackout,cotocollao,0.2032,0.2032
NO2,M8b,AugFE,pre_blackout,guamani,0.1748,0.1748
NO2,M8b,AugFE,pre_blackout,loschillos,0.1762,0.1762
NO2,M8b,AugFE,pre_blackout,tumbaco,-0.01,-0.0102
NO2,M8b,AugFE,donut,belisario,0.494,0.4941
NO2,M8b,AugFE,donut,carapungo,-0.0382,-0.0381
NO2,M8b,AugFE,donut,cotocollao,0.2032,0.2032
NO2,M8b,AugFE,donut,guamani,0.1748,0.1748
NO2,M8b,AugFE,donut,loschillos,0.1762,0.1762
NO2,M8b,AugFE,donut,tumbaco,-0.01,-0.0102
NO2,M8b,AugFE,full,belisario,0.494,0.4941
NO2,M8b,AugFE,full,carapungo,-0.0382,-0.0381
NO2,M8b,AugFE,full,cotocollao,0.2032,0.2032
NO2,M8b,AugFE,full,guamani,0.1748,0.1748
NO2,M8b,AugFE,full,loschillos,0.1762,0.1762
NO2,M8b,AugFE,full,tumbaco,-0.01,-0.0102
NO2,M5b,AugNoFE,pre_blackout,belisario,0.8122,0.8122
NO2,M5b,AugNoFE,pre_blackout,carapungo,-0.0336,-0.0336
NO2,M5b,AugNoFE,pre_blackout,cotocollao,0.2219,0.2219
NO2,M5b,AugNoFE,pre_blackout,guamani,0.01,0.0101
NO2,M5b,AugNoFE,pre_blackout,loschillos,0.0228,0.0228
NO2,M5b,AugNoFE,pre_blackout,tumbaco,-0.0332,-0.0334
NO2,M5b,AugNoFE,donut,belisario,0.8122,0.8122
NO2,M5b,AugNoFE,donut,carapungo,-0.0336,-0.0336
NO2,M5b,AugNoFE,donut,cotocollao,0.2219,0.2219
NO2,M5b,AugNoFE,donut,guamani,0.01,0.0101
NO2,M5b,AugNoFE,donut,loschillos,0.0228,0.0228
NO2,M5b,AugNoFE,donut,tumbaco,-0.0332,-0.0334
NO2,M5b,AugNoFE,full,belisario,0.8122,0.8122
NO2,M5b,AugNoFE,full,carapungo,-0.0336,-0.0336
NO2,M5b,AugNoFE,full,cotocollao,0.2219,0.2219
NO2,M5b,AugNoFE,full,guamani,0.01,0.0101
NO2,M5b,AugNoFE,full,loschillos,0.0228,0.0228
NO2,M5b,AugNoFE,full,tumbaco,-0.0332,-0.0334
NO2,M1,SDID,pre_blackout,carapungo,0.1904,0.1904
NO2,M1,SDID,pre_blackout,cotocollao,0.2012,0.2012
NO2,M1,SDID,pre_blackout,guamani,0.2116,0.2116
NO2,M1,SDID,pre_blackout,loschillos,0.2078,0.2078
NO2,M1,SDID,pre_blackout,tumbaco,0.189,0.189
NO2,M1,SDID,donut,carapungo,0.1923,0.1924
NO2,M1,SDID,donut,cotocollao,0.201,0.201
NO2,M1,SDID,donut,guamani,0.2093,0.2093
NO2,M1,SDID,donut,loschillos,0.2061,0.2061
NO2,M1,SDID,donut,tumbaco,0.1913,0.1912
NO2,M1,SDID,full,carapungo,0.193,0.193
NO2,M1,SDID,full,cotocollao,0.2009,0.2009
NO2,M1,SDID,full,guamani,0.2085,0.2085
NO2,M1,SDID,full,loschillos,0.2056,0.2056
NO2,M1,SDID,full,tumbaco,0.192,0.192
NO2,M2,SDID,pre_blackout,carapungo,0.1735,0.1736
NO2,M2,SDID,pre_blackout,cotocollao,0.2034,0.2034
NO2,M2,SDID,pre_blackout,guamani,0.2256,0.2256
NO2,M2,SDID,pre_blackout,loschillos,0.2142,0.2143
NO2,M2,SDID,pre_blackout,tumbaco,0.1833,0.1831
NO2,M2,SDID,donut,carapungo,0.1788,0.1788
NO2,M2,SDID,donut,cotocollao,0.2028,0.2028
NO2,M2,SDID,donut,guamani,0.2206,0.2206
NO2,M2,SDID,donut,loschillos,0.2112,0.2113
NO2,M2,SDID,donut,tumbaco,0.1866,0.1865
NO2,M2,SDID,full,carapungo,0.1805,0.1806
NO2,M2,SDID,full,cotocollao,0.2026,0.2026
NO2,M2,SDID,full,guamani,0.2189,0.2189
NO2,M2,SDID,full,loschillos,0.2103,0.2103
NO2,M2,SDID,full,tumbaco,0.1877,0.1876
NO2,M2b,SDID,pre_blackout,belisario,0.1835,0.1835
NO2,M2b,SDID,pre_blackout,carapungo,0.1352,0.1353
NO2,M2b,SDID,pre_blackout,cotocollao,0.1669,0.167
NO2,M2b,SDID,pre_blackout,guamani,0.1892,0.1892
NO2,M2b,SDID,pre_blackout,loschillos,0.177,0.177
NO2,M2b,SDID,pre_blackout,tumbaco,0.1483,0.1481
NO2,M2b,SDID,donut,belisario,0.1801,0.1801
NO2,M2b,SDID,donut,carapungo,0.1414,0.1415
NO2,M2b,SDID,donut,cotocollao,0.167,0.167
NO2,M2b,SDID,donut,guamani,0.1849,0.1849
NO2,M2b,SDID,donut,loschillos,0.1748,0.1748
NO2,M2b,SDID,donut,tumbaco,0.1519,0.1517
NO2,M2b,SDID,full,belisario,0.1789,0.1789
NO2,M2b,SDID,full,carapungo,0.1435,0.1436
NO2,M2b,SDID,full,cotocollao,0.167,0.167
NO2,M2b,SDID,full,guamani,0.1834,0.1834
NO2,M2b,SDID,full,loschillos,0.1741,0.1741
NO2,M2b,SDID,full,tumbaco,0.15310000000000001,0.1529
NO2,M3,SDID,pre_blackout,carapungo,0.2003,0.2003
NO2,M3,SDID,pre_blackout,cotocollao,0.1996,0.1996
NO2,M3,SDID,pre_blackout,guamani,0.2062,0.2062
NO2,M3,SDID,pre_blackout,loschillos,0.2076,0.2076
NO2,M3,SDID,pre_blackout,tumbaco,0.1864,0.1864
NO2,M3,SDID,donut,carapungo,0.2002,0.2001
NO2,M3,SDID,donut,cotocollao,0.1997,0.1997
NO2,M3,SDID,donut,guamani,0.205,0.205
NO2,M3,SDID,donut,loschillos,0.206,0.206
NO2,M3,SDID,donut,tumbaco,0.1892,0.1891
NO2,M3,SDID,full,carapungo,0.2001,0.2001
NO2,M3,SDID,full,cotocollao,0.1997,0.1998
NO2,M3,SDID,full,guamani,0.2046,0.2046
NO2,M3,SDID,full,loschillos,0.2055,0.2055
NO2,M3,SDID,full,tumbaco,0.1901,0.1901
NO2,M4,AugNoFE,pre_blackout,carapungo,-0.1291,-0.1292
NO2,M4,AugNoFE,pre_blackout,cotocollao,0.9147,0.9148
NO2,M4,AugNoFE,pre_blackout,guamani,0.0223,0.0221
NO2,M4,AugNoFE,pre_blackout,loschillos,0.3275,0.3275
NO2,M4,AugNoFE,pre_blackout,tumbaco,-0.1354,-0.1352
NO2,M4,AugNoFE,donut,carapungo,-0.1291,-0.1292
NO2,M4,AugNoFE,donut,cotocollao,0.9147,0.9148
NO2,M4,AugNoFE,donut,guamani,0.0223,0.0221
NO2,M4,AugNoFE,donut,loschillos,0.3275,0.3275
NO2,M4,AugNoFE,donut,tumbaco,-0.1354,-0.1352
NO2,M4,AugNoFE,full,carapungo,-0.1291,-0.1292
NO2,M4,AugNoFE,full,cotocollao,0.9147,0.9148
NO2,M4,AugNoFE,full,guamani,0.0223,0.0221
NO2,M4,AugNoFE,full,loschillos,0.3275,0.3275
NO2,M4,AugNoFE,full,tumbaco,-0.1354,-0.1352
NO2,M5,AugNoFE,pre_blackout,carapungo,-0.1824,-0.1823
NO2,M5,AugNoFE,pre_blackout,cotocollao,0.9556,0.9556
NO2,M5,AugNoFE,pre_blackout,guamani,0.0404,0.0403
NO2,M5,AugNoFE,pre_blackout,loschillos,0.3304,0.3305
NO2,M5,AugNoFE,pre_blackout,tumbaco,-0.1441,-0.144
NO2,M5,AugNoFE,donut,carapungo,-0.1824,-0.1823
NO2,M5,AugNoFE,donut,cotocollao,0.9556,0.9556
NO2,M5,AugNoFE,donut,guamani,0.0404,0.0403
NO2,M5,AugNoFE,donut,loschillos,0.3304,0.3305
NO2,M5,AugNoFE,donut,tumbaco,-0.1441,-0.144
NO2,M5,AugNoFE,full,carapungo,-0.1824,-0.1823
NO2,M5,AugNoFE,full,cotocollao,0.9556,0.9556
NO2,M5,AugNoFE,full,guamani,0.0404,0.0403
NO2,M5,AugNoFE,full,loschillos,0.3304,0.3305
NO2,M5,AugNoFE,full,tumbaco,-0.1441,-0.144
NO2,M6,AugNoFE,pre_blackout,carapungo,-0.0302,-0.0303
NO2,M6,AugNoFE,pre_blackout,cotocollao,0.9444,0.9444
NO2,M6,AugNoFE,pre_blackout,guamani,-0.0059,-0.006
NO2,M6,AugNoFE,pre_blackout,loschillos,0.1536,0.1536
NO2,M6,AugNoFE,pre_blackout,tumbaco,-0.0619,-0.0617
NO2,M6,AugNoFE,donut,carapungo,-0.0302,-0.0303
NO2,M6,AugNoFE,donut,cotocollao,0.9444,0.9444
NO2,M6,AugNoFE,donut,guamani,-0.0059,-0.006
NO2,M6,AugNoFE,donut,loschillos,0.1536,0.1536
NO2,M6,AugNoFE,donut,tumbaco,-0.0619,-0.0617
NO2,M6,AugNoFE,full,carapungo,-0.0302,-0.0303
NO2,M6,AugNoFE,full,cotocollao,0.9444,0.9444
NO2,M6,AugNoFE,full,guamani,-0.0059,-0.006
NO2,M6,AugNoFE,full,loschillos,0.1536,0.1536
NO2,M6,AugNoFE,full,tumbaco,-0.0619,-0.0617
SO2,M7,AugFE,pre_blackout,carapungo,0.054,0.048
SO2,M7,AugFE,pre_blackout,cotocollao,0.5115,0.4923
SO2,M7,AugFE,pre_blackout,guamani,0.1366,0.146
SO2,M7,AugFE,pre_blackout,loschillos,0.3501,0.3651
SO2,M7,AugFE,pre_blackout,tumbaco,-0.0521,-0.0514
SO2,M7,AugFE,donut,carapungo,0.054,0.048
SO2,M7,AugFE,donut,cotocollao,0.5115,0.4923
SO2,M7,AugFE,donut,guamani,0.1366,0.146
SO2,M7,AugFE,donut,loschillos,0.3501,0.3651
SO2,M7,AugFE,donut,tumbaco,-0.0521,-0.0514
SO2,M7,AugFE,full,carapungo,0.054,0.048
SO2,M7,AugFE,full,cotocollao,0.5115,0.4923
SO2,M7,AugFE,full,guamani,0.1366,0.146
SO2,M7,AugFE,full,loschillos,0.3501,0.3651
SO2,M7,AugFE,full,tumbaco,-0.0521,-0.0514
SO2,M9,AugFE,pre_blackout,carapungo,0.0318,0.0097
SO2,M9,AugFE,pre_blackout,cotocollao,0.6578,0.6563
SO2,M9,AugFE,pre_blackout,guamani,0.1181,0.1308
SO2,M9,AugFE,pre_blackout,loschillos,0.2403,0.2504
SO2,M9,AugFE,pre_blackout,tumbaco,-0.048,-0.0472
SO2,M9,AugFE,donut,carapungo,0.0318,0.0097
SO2,M9,AugFE,donut,cotocollao,0.6578,0.6563
SO2,M9,AugFE,donut,guamani,0.1181,0.1308
SO2,M9,AugFE,donut,loschillos,0.2403,0.2504
SO2,M9,AugFE,donut,tumbaco,-0.048,-0.0472
SO2,M9,AugFE,full,carapungo,0.0318,0.0097
SO2,M9,AugFE,full,cotocollao,0.6578,0.6563
SO2,M9,AugFE,full,guamani,0.1181,0.1308
SO2,M9,AugFE,full,loschillos,0.2403,0.2504
SO2,M9,AugFE,full,tumbaco,-0.048,-0.0472
SO2,M8,AugFE,pre_blackout,carapungo,0.0761,0.0987
SO2,M8,AugFE,pre_blackout,cotocollao,0.3651,0.3171
SO2,M8,AugFE,pre_blackout,guamani,0.1551,0.1619
SO2,M8,AugFE,pre_blackout,loschillos,0.46,0.4789
SO2,M8,AugFE,pre_blackout,tumbaco,-0.0562,-0.0567
SO2,M8,AugFE,donut,carapungo,0.0761,0.0987
SO2,M8,AugFE,donut,cotocollao,0.3651,0.3171
SO2,M8,AugFE,donut,guamani,0.1551,0.1619
SO2,M8,AugFE,donut,loschillos,0.46,0.4789
SO2,M8,AugFE,donut,tumbaco,-0.0562,-0.0567
SO2,M8,AugFE,full,carapungo,0.0761,0.0987
SO2,M8,AugFE,full,cotocollao,0.3651,0.3171
SO2,M8,AugFE,full,guamani,0.1551,0.1619
SO2,M8,AugFE,full,loschillos,0.46,0.4789
SO2,M8,AugFE,full,tumbaco,-0.0562,-0.0567
SO2,M8b,AugFE,pre_blackout,belisario,0.8582,0.8231
SO2,M8b,AugFE,pre_blackout,carapungo,-0.004,0.015
SO2,M8b,AugFE,pre_blackout,cotocollao,-0.0478,-0.0536
SO2,M8b,AugFE,pre_blackout,guamani,0.0329,0.0322
SO2,M8b,AugFE,pre_blackout,loschillos,0.1682,0.1912
SO2,M8b,AugFE,pre_blackout,tumbaco,-0.0076,-0.0079
SO2,M8b,AugFE,donut,belisario,0.8582,0.8231
SO2,M8b,AugFE,donut,carapungo,-0.004,0.015
SO2,M8b,AugFE,donut,cotocollao,-0.0478,-0.0536
SO2,M8b,AugFE,donut,guamani,0.0329,0.0322
SO2,M8b,AugFE,donut,loschillos,0.1682,0.1912
SO2,M8b,AugFE,donut,tumbaco,-0.0076,-0.0079
SO2,M8b,AugFE,full,belisario,0.8582,0.8231
SO2,M8b,AugFE,full,carapungo,-0.004,0.015
SO2,M8b,AugFE,full,cotocollao,-0.0478,-0.0536
SO2,M8b,AugFE,full,guamani,0.0329,0.0322
SO2,M8b,AugFE,full,loschillos,0.1682,0.1912
SO2,M8b,AugFE,full,tumbaco,-0.0076,-0.0079
SO2,M5b,AugNoFE,pre_blackout,belisario,0.8239,0.8087
SO2,M5b,AugNoFE,pre_blackout,carapungo,-0.0014,0.0037
SO2,M5b,AugNoFE,pre_blackout,cotocollao,-0.0091,-0.0109
SO2,M5b,AugNoFE,pre_blackout,guamani,0.0058,0.0057
SO2,M5b,AugNoFE,pre_blackout,loschillos,0.1886,0.1995
SO2,M5b,AugNoFE,pre_blackout,tumbaco,-0.0078,-0.0068
SO2,M5b,AugNoFE,donut,belisario,0.8239,0.8087
SO2,M5b,AugNoFE,donut,carapungo,-0.0014,0.0037
SO2,M5b,AugNoFE,donut,cotocollao,-0.0091,-0.0109
SO2,M5b,AugNoFE,donut,guamani,0.0058,0.0057
SO2,M5b,AugNoFE,donut,loschillos,0.1886,0.1995
SO2,M5b,AugNoFE,donut,tumbaco,-0.0078,-0.0068
SO2,M5b,AugNoFE,full,belisario,0.8239,0.8087
SO2,M5b,AugNoFE,full,carapungo,-0.0014,0.0037
SO2,M5b,AugNoFE,full,cotocollao,-0.0091,-0.0109
SO2,M5b,AugNoFE,full,guamani,0.0058,0.0057
SO2,M5b,AugNoFE,full,loschillos,0.1886,0.1995
SO2,M5b,AugNoFE,full,tumbaco,-0.0078,-0.0068
SO2,M1,SDID,pre_blackout,carapungo,0.1964,0.1943
SO2,M1,SDID,pre_blackout,cotocollao,0.22,0.2193
SO2,M1,SDID,pre_blackout,guamani,0.1886,0.1902
SO2,M1,SDID,pre_blackout,loschillos,0.2168,0.2167
SO2,M1,SDID,pre_blackout,tumbaco,0.1781,0.1795
SO2,M1,SDID,donut,carapungo,0.1972,0.1955
SO2,M1,SDID,donut,cotocollao,0.216,0.2154
SO2,M1,SDID,donut,guamani,0.191,0.1923
SO2,M1,SDID,donut,loschillos,0.2133,0.2132
SO2,M1,SDID,donut,tumbaco,0.1824,0.1836
SO2,M1,SDID,full,carapungo,0.1975,0.1959
SO2,M1,SDID,full,cotocollao,0.2147,0.2141
SO2,M1,SDID,full,guamani,0.1918,0.1929
SO2,M1,SDID,full,loschillos,0.2122,0.212
SO2,M1,SDID,full,tumbaco,0.1839,0.1849
SO2,M2,SDID,pre_blackout,carapungo,0.1893,0.1885
SO2,M2,SDID,pre_blackout,cotocollao,0.2196,0.2176
SO2,M2,SDID,pre_blackout,guamani,0.1789,0.1816
SO2,M2,SDID,pre_blackout,loschillos,0.2342,0.2329
SO2,M2,SDID,pre_blackout,tumbaco,0.178,0.1794
SO2,M2,SDID,donut,carapungo,0.1915,0.1909
SO2,M2,SDID,donut,cotocollao,0.2158,0.2141
SO2,M2,SDID,donut,guamani,0.1831,0.1853
SO2,M2,SDID,donut,loschillos,0.2273,0.2262
SO2,M2,SDID,donut,tumbaco,0.1824,0.1835
SO2,M2,SDID,full,carapungo,0.1923,0.1917
SO2,M2,SDID,full,cotocollao,0.2144,0.2129
SO2,M2,SDID,full,guamani,0.1845,0.1866
SO2,M2,SDID,full,loschillos,0.2249,0.2239
SO2,M2,SDID,full,tumbaco,0.1838,0.1849
SO2,M2b,SDID,pre_blackout,belisario,0.2259,0.2259
SO2,M2b,SDID,pre_blackout,carapungo,0.1429,0.1433
SO2,M2b,SDID,pre_blackout,cotocollao,0.1677,0.1654
SO2,M2b,SDID,pre_blackout,guamani,0.1341,0.1368
SO2,M2b,SDID,pre_blackout,loschillos,0.1894,0.1877
SO2,M2b,SDID,pre_blackout,tumbaco,0.14,0.1409
SO2,M2b,SDID,donut,belisario,0.2141,0.2142
SO2,M2b,SDID,donut,carapungo,0.1477,0.1479
SO2,M2b,SDID,donut,cotocollao,0.1678,0.166
SO2,M2b,SDID,donut,guamani,0.1405,0.1426
SO2,M2b,SDID,donut,loschillos,0.1849,0.1835
SO2,M2b,SDID,donut,tumbaco,0.1449,0.1457
SO2,M2b,SDID,full,belisario,0.2102,0.2102
SO2,M2b,SDID,full,carapungo,0.1493,0.1495
SO2,M2b,SDID,full,cotocollao,0.1679,0.1662
SO2,M2b,SDID,full,guamani,0.1426,0.1446
SO2,M2b,SDID,full,loschillos,0.1834,0.1821
SO2,M2b,SDID,full,tumbaco,0.1466,0.1474
SO2,M3,SDID,pre_blackout,carapungo,0.2003,0.1953
SO2,M3,SDID,pre_blackout,cotocollao,0.2353,0.2354
SO2,M3,SDID,pre_blackout,guamani,0.1896,0.1912
SO2,M3,SDID,pre_blackout,loschillos,0.2128,0.2136
SO2,M3,SDID,pre_blackout,tumbaco,0.1622,0.1645
SO2,M3,SDID,donut,carapungo,0.2004,0.1964
SO2,M3,SDID,donut,cotocollao,0.2284,0.2285
SO2,M3,SDID,donut,guamani,0.1918,0.1931
SO2,M3,SDID,donut,loschillos,0.21,0.2107
SO2,M3,SDID,donut,tumbaco,0.1694,0.1713
SO2,M3,SDID,full,carapungo,0.2005,0.1968
SO2,M3,SDID,full,cotocollao,0.2261,0.2262
SO2,M3,SDID,full,guamani,0.1925,0.1937
SO2,M3,SDID,full,loschillos,0.2091,0.2098
SO2,M3,SDID,full,tumbaco,0.1718,0.1736
SO2,M4,AugNoFE,pre_blackout,carapungo,0.001,6e-4
SO2,M4,AugNoFE,pre_blackout,cotocollao,0.5348,0.5138
SO2,M4,AugNoFE,pre_blackout,guamani,0.1033,0.1136
SO2,M4,AugNoFE,pre_blackout,loschillos,0.3744,0.3854
SO2,M4,AugNoFE,pre_blackout,tumbaco,-0.0135,-0.0133
SO2,M4,AugNoFE,donut,carapungo,0.001,6e-4
SO2,M4,AugNoFE,donut,cotocollao,0.5348,0.5138
SO2,M4,AugNoFE,donut,guamani,0.1033,0.1136
SO2,M4,AugNoFE,donut,loschillos,0.3744,0.3854
SO2,M4,AugNoFE,donut,tumbaco,-0.0135,-0.0133
SO2,M4,AugNoFE,full,carapungo,0.001,6e-4
SO2,M4,AugNoFE,full,cotocollao,0.5348,0.5138
SO2,M4,AugNoFE,full,guamani,0.1033,0.1136
SO2,M4,AugNoFE,full,loschillos,0.3744,0.3854
SO2,M4,AugNoFE,full,tumbaco,-0.0135,-0.0133
SO2,M5,AugNoFE,pre_blackout,carapungo,0.0028,0.015
SO2,M5,AugNoFE,pre_blackout,cotocollao,0.4327,0.3975
SO2,M5,AugNoFE,pre_blackout,guamani,0.1238,0.1346
SO2,M5,AugNoFE,pre_blackout,loschillos,0.4565,0.4681
SO2,M5,AugNoFE,pre_blackout,tumbaco,-0.0157,-0.0152
SO2,M5,AugNoFE,donut,carapungo,0.0028,0.015
SO2,M5,AugNoFE,donut,cotocollao,0.4327,0.3975
SO2,M5,AugNoFE,donut,guamani,0.1238,0.1346
SO2,M5,AugNoFE,donut,loschillos,0.4565,0.4681
SO2,M5,AugNoFE,donut,tumbaco,-0.0157,-0.0152
SO2,M5,AugNoFE,full,carapungo,0.0028,0.015
SO2,M5,AugNoFE,full,cotocollao,0.4327,0.3975
SO2,M5,AugNoFE,full,guamani,0.1238,0.1346
SO2,M5,AugNoFE,full,loschillos,0.4565,0.4681
SO2,M5,AugNoFE,full,tumbaco,-0.0157,-0.0152
SO2,M6,AugNoFE,pre_blackout,carapungo,-9e-4,-0.0039
SO2,M6,AugNoFE,pre_blackout,cotocollao,0.637,0.6223
SO2,M6,AugNoFE,pre_blackout,guamani,0.0829,0.093
SO2,M6,AugNoFE,pre_blackout,loschillos,0.2924,0.3002
SO2,M6,AugNoFE,pre_blackout,tumbaco,-0.0113,-0.0116
SO2,M6,AugNoFE,donut,carapungo,-9e-4,-0.0039
SO2,M6,AugNoFE,donut,cotocollao,0.637,0.6223
SO2,M6,AugNoFE,donut,guamani,0.0829,0.093
SO2,M6,AugNoFE,donut,loschillos,0.2924,0.3002
SO2,M6,AugNoFE,donut,tumbaco,-0.0113,-0.0116
SO2,M6,AugNoFE,full,carapungo,-9e-4,-0.0039
SO2,M6,AugNoFE,full,cotocollao,0.637,0.6223
SO2,M6,AugNoFE,full,guamani,0.0829,0.093
SO2,M6,AugNoFE,full,loschillos,0.2924,0.3002
SO2,M6,AugNoFE,full,tumbaco,-0.0113,-0.0116
