week_date,period,sa_with_lc,sa_without_lc
2023-05-08,a_pre_period,20.12385536366105,20.636085800801368
2023-05-15,a_pre_period,15.057489580923459,15.60230074337855
2023-05-22,a_pre_period,12.827497707736313,13.562218383388654
2024-04-15,b_2023-12_to_2024-09,17.9487538331083,17.685039016605316
2024-04-22,b_2023-12_to_2024-09,22.76295179814221,22.56851857817955
2024-04-29,b_2023-12_to_2024-09,14.759736688703299,15.160147193596657
2024-10-14,c_2024-10_on,18.461882721937968,19.20893501600122
2024-10-21,c_2024-10_on,23.92566739236318,25.305264374204683
2024-10-28,c_2024-10_on,18.929002033657923,20.180073162773397
2024-11-04,c_2024-10_on,24.76422700370776,24.99421655365046
2024-11-11,c_2024-10_on,39.93590526813853,37.599958736855484
2024-11-18,c_2024-10_on,25.904833814919016,24.577837278453416
2024-11-25,c_2024-10_on,22.102210316258862,20.953686487894146
2024-12-02,c_2024-10_on,17.760499672843594,17.595028500787265
2024-12-09,c_2024-10_on,14.909749306856554,14.485006859383617
2025-11-10,c_2024-10_on,NA,NA
2025-11-17,c_2024-10_on,NA,NA
2025-11-24,c_2024-10_on,NA,NA
2025-12-01,c_2024-10_on,NA,NA
2025-12-08,c_2024-10_on,NA,NA
2025-12-15,c_2024-10_on,NA,NA
2025-12-22,c_2024-10_on,NA,NA
2025-12-29,c_2024-10_on,NA,NA
2026-01-05,c_2024-10_on,NA,NA
2026-01-12,c_2024-10_on,NA,NA
2026-01-19,c_2024-10_on,NA,NA
2026-01-26,c_2024-10_on,NA,NA
2026-02-02,c_2024-10_on,NA,NA
2026-02-09,c_2024-10_on,NA,NA
2026-02-16,c_2024-10_on,NA,NA
2026-02-23,c_2024-10_on,NA,NA
2026-03-02,c_2024-10_on,NA,NA
2026-03-09,c_2024-10_on,NA,NA
2026-03-16,c_2024-10_on,NA,NA
2026-03-23,c_2024-10_on,NA,NA
2026-03-30,c_2024-10_on,NA,NA
2026-04-06,c_2024-10_on,NA,NA
2026-04-13,c_2024-10_on,NA,NA
2026-04-20,c_2024-10_on,NA,NA
2026-04-27,c_2024-10_on,NA,NA
2026-05-04,c_2024-10_on,NA,NA
2026-05-11,c_2024-10_on,NA,NA
2026-05-18,c_2024-10_on,NA,NA
2026-05-25,c_2024-10_on,NA,NA
2026-06-01,c_2024-10_on,NA,NA
2026-06-08,c_2024-10_on,NA,NA
2026-06-15,c_2024-10_on,NA,NA
2026-06-22,c_2024-10_on,NA,NA
2026-06-29,c_2024-10_on,NA,NA
2026-07-06,c_2024-10_on,NA,NA
2026-07-13,c_2024-10_on,NA,NA
2026-07-20,c_2024-10_on,NA,NA
2026-07-27,c_2024-10_on,NA,NA
2026-08-03,c_2024-10_on,NA,NA
2026-08-10,c_2024-10_on,19.494705861228994,19.471500128575798
2026-08-17,c_2024-10_on,17.59618157919789,17.28564574212365
2026-08-24,c_2024-10_on,19.961762532131047,19.954219163076772
2026-08-31,c_2024-10_on,16.247850023564467,15.843693819293236
