unit,kind,parish_code,parish_name
station_Cardenal de la Torre,station,170128,SAN BARTOLO
station_El Ejido,station,170113,ITCHIMBIA
station_Iñaquito,station,170112,IÑAQUITO
station_Jipijapa,station,170114,JIPIJAPA
station_La Alameda,station,170113,ITCHIMBIA
station_La Carolina,station,170112,IÑAQUITO
station_La Magdalena,station,170121,LA MAGDALENA
station_La Pradera,station,170112,IÑAQUITO
station_Labrador,station,170117,LA CONCEPCION
station_Morán Valverde,station,170131,SOLANDA
station_Quitumbe,station,170126,QUITUMBE
station_Recreo,station,170109,CHIMBACALLE
station_San Francisco,station,170103,CENTRO HISTORICO
station_Solanda,station,170131,SOLANDA
station_Universidad Central,station,170101,BELISARIO QUEVEDO
grid_E769000_N9969000,main_disc,170108,CHILLOGALLO
grid_E770000_N9963000,main_disc,170111,GUAMANI
grid_E770000_N9964000,main_disc,170118,LA ECUATORIANA
grid_E771000_N9962000,main_disc,170111,GUAMANI
grid_E771000_N9963000,main_disc,170111,GUAMANI
grid_E771000_N9964000,main_disc,170111,GUAMANI
grid_E771000_N9965000,main_disc,170111,GUAMANI
grid_E771000_N9966000,main_disc,170118,LA ECUATORIANA
grid_E771000_N9969000,main_disc,170108,CHILLOGALLO
grid_E771000_N9970000,main_disc,170108,CHILLOGALLO
grid_E772000_N9971000,main_disc,170122,LA MENA
grid_E773000_N9972000,main_disc,170122,LA MENA
grid_E774000_N9963000,main_disc,170132,TURUBAMBA
grid_E774000_N9964000,main_disc,170132,TURUBAMBA
grid_E774000_N9973000,main_disc,170107,CHILIBULO
grid_E775000_N9963000,main_disc,170132,TURUBAMBA
grid_E775000_N9964000,main_disc,170132,TURUBAMBA
grid_E775000_N9965000,main_disc,170126,QUITUMBE
grid_E775000_N9966000,main_disc,170126,QUITUMBE
grid_E775000_N9967000,main_disc,170126,QUITUMBE
grid_E776000_N9967000,main_disc,170126,QUITUMBE
grid_E776000_N9968000,main_disc,170116,LA ARGELIA
grid_E776000_N9986000,main_disc,170110,EL CONDADO
grid_E776000_N9989000,main_disc,170110,EL CONDADO
grid_E776000_N9990000,main_disc,170110,EL CONDADO
grid_E777000_N9971000,main_disc,170119,LA FERROVIARIA
grid_E777000_N9980000,main_disc,170101,BELISARIO QUEVEDO
grid_E777000_N9986000,main_disc,170104,COCHAPAMBA
grid_E777000_N9989000,main_disc,170110,EL CONDADO
grid_E777000_N9990000,main_disc,170110,EL CONDADO
grid_E778000_N9972000,main_disc,170119,LA FERROVIARIA
grid_E778000_N9985000,main_disc,170104,COCHAPAMBA
grid_E778000_N9986000,main_disc,170117,LA CONCEPCION
grid_E778000_N9987000,main_disc,170106,COTOCOLLAO
grid_E778000_N9989000,main_disc,170110,EL CONDADO
grid_E778000_N9990000,main_disc,170110,EL CONDADO
grid_E779000_N9972000,main_disc,170125,PUENGASI
grid_E779000_N9973000,main_disc,170125,PUENGASI
grid_E779000_N9985000,main_disc,170117,LA CONCEPCION
grid_E779000_N9986000,main_disc,170117,LA CONCEPCION
grid_E779000_N9987000,main_disc,170124,PONCEANO
grid_E779000_N9988000,main_disc,170124,PONCEANO
grid_E780000_N9966000,main_disc,170156,CONOCOTO
grid_E780000_N9976000,main_disc,170113,ITCHIMBIA
grid_E780000_N9985000,main_disc,170115,KENNEDY
grid_E780000_N9986000,main_disc,170115,KENNEDY
grid_E780000_N9987000,main_disc,170124,PONCEANO
grid_E780000_N9988000,main_disc,170124,PONCEANO
grid_E781000_N9967000,main_disc,170156,CONOCOTO
grid_E781000_N9984000,main_disc,170115,KENNEDY
grid_E781000_N9985000,main_disc,170115,KENNEDY
grid_E781000_N9986000,main_disc,170115,KENNEDY
grid_E781000_N9988000,main_disc,170105,COMITE DEL PUEBLO
grid_E781000_N9989000,main_disc,170124,PONCEANO
grid_E781000_N9990000,main_disc,170102,CARCELEN
grid_E781000_N9991000,main_disc,170102,CARCELEN
grid_E782000_N9983000,main_disc,170115,KENNEDY
grid_E782000_N9984000,main_disc,170129,SAN ISIDRO DEL INCA
grid_E782000_N9985000,main_disc,170129,SAN ISIDRO DEL INCA
grid_E782000_N9986000,main_disc,170129,SAN ISIDRO DEL INCA
grid_E782000_N9987000,main_disc,170105,COMITE DEL PUEBLO
grid_E782000_N9989000,main_disc,170105,COMITE DEL PUEBLO
grid_E782000_N9990000,main_disc,170102,CARCELEN
grid_E782000_N9991000,main_disc,170102,CARCELEN
grid_E782000_N9992000,main_disc,170177,POMASQUI
grid_E783000_N9991000,main_disc,170102,CARCELEN
grid_E783000_N9992000,main_disc,170102,CARCELEN
grid_E784000_N9989000,main_disc,170155,CALDERON
grid_E784000_N9990000,main_disc,170155,CALDERON
grid_E784000_N9992000,main_disc,170155,CALDERON
grid_E785000_N9978000,main_disc,170157,CUMBAYA
grid_E785000_N9990000,main_disc,170155,CALDERON
grid_E785000_N9991000,main_disc,170155,CALDERON
grid_E785000_N9992000,main_disc,170155,CALDERON
grid_E786000_N9977000,main_disc,170157,CUMBAYA
grid_E786000_N9991000,main_disc,170155,CALDERON
grid_E786000_N9992000,main_disc,170155,CALDERON
grid_E786000_N9993000,main_disc,170155,CALDERON
grid_E787000_N9994000,main_disc,170155,CALDERON
grid_E788000_N9991000,main_disc,170155,CALDERON
grid_E788000_N9992000,main_disc,170155,CALDERON
grid_E788000_N9993000,main_disc,170155,CALDERON
